event_id,user_pseudo_id,event_timestamp,event_name,source,medium,campaign,revenue
1,user_0001,2026-03-02 21:01:09,session_start,google,organic,(none),
2,user_0001,2026-03-05 00:57:41,session_start,newsletter,email,weekly_digest,
3,user_0001,2026-03-11 04:40:49,session_start,(direct),(none),(none),
4,user_0002,2026-03-17 09:32:54,session_start,facebook,paid_social,prospecting_q1,
5,user_0002,2026-03-18 17:05:34,purchase,(direct),(none),(none),148.51
6,user_0003,2026-04-14 04:40:41,session_start,blog.partner.com,referral,(none),
7,user_0004,2026-03-26 12:27:03,session_start,google,cpc,brand_search,
8,user_0004,2026-04-04 03:24:51,session_start,google,organic,(none),
9,user_0004,2026-04-05 03:48:08,session_start,google,cpc,brand_search,
10,user_0005,2026-04-24 17:31:01,session_start,facebook,paid_social,prospecting_q1,
11,user_0005,2026-05-03 11:50:21,session_start,google,organic,(none),
12,user_0005,2026-05-08 13:13:48,session_start,blog.partner.com,referral,(none),
13,user_0005,2026-05-14 04:39:41,session_start,blog.partner.com,referral,(none),
14,user_0006,2026-03-18 02:13:00,session_start,google,organic,(none),
15,user_0006,2026-03-18 07:57:50,purchase,(direct),(none),(none),83.1
16,user_0007,2026-03-28 08:41:52,session_start,google,organic,(none),
17,user_0007,2026-03-30 09:44:44,session_start,google,organic,(none),
18,user_0007,2026-04-07 20:22:02,session_start,instagram,paid_social,retargeting,
19,user_0007,2026-04-09 07:38:10,purchase,(direct),(none),(none),55.03
20,user_0008,2026-05-14 05:08:31,session_start,instagram,paid_social,retargeting,
21,user_0008,2026-05-19 07:34:11,session_start,newsletter,email,weekly_digest,
22,user_0009,2026-03-03 09:46:49,session_start,google,organic,(none),
23,user_0009,2026-03-05 07:05:49,purchase,(direct),(none),(none),229.71
24,user_0010,2026-04-19 03:47:22,session_start,google,organic,(none),
25,user_0010,2026-04-27 09:44:31,session_start,facebook,paid_social,prospecting_q1,
26,user_0010,2026-04-28 13:07:34,purchase,(direct),(none),(none),79.37
27,user_0011,2026-05-07 08:04:52,session_start,google,organic,(none),
28,user_0011,2026-05-09 11:12:06,session_start,(direct),(none),(none),
29,user_0011,2026-05-14 03:36:49,session_start,google,cpc,brand_search,
30,user_0011,2026-05-15 10:06:13,purchase,(direct),(none),(none),209.06
31,user_0012,2026-03-05 18:20:59,session_start,google,organic,(none),
32,user_0012,2026-03-14 17:31:50,session_start,facebook,paid_social,prospecting_q1,
33,user_0013,2026-04-24 01:17:57,session_start,newsletter,email,weekly_digest,
34,user_0013,2026-04-25 08:25:28,purchase,(direct),(none),(none),42.33
35,user_0014,2026-04-04 00:42:09,session_start,(direct),(none),(none),
36,user_0014,2026-04-11 22:28:58,session_start,google,organic,(none),
37,user_0014,2026-04-13 18:22:34,purchase,(direct),(none),(none),228.28
38,user_0015,2026-04-17 22:06:32,session_start,instagram,paid_social,retargeting,
39,user_0016,2026-04-28 09:31:39,session_start,facebook,paid_social,prospecting_q1,
40,user_0016,2026-04-28 14:26:54,session_start,google,organic,(none),
41,user_0017,2026-05-02 08:59:52,session_start,google,organic,(none),
42,user_0017,2026-05-03 02:01:54,session_start,blog.partner.com,referral,(none),
43,user_0017,2026-05-11 14:49:38,session_start,google,cpc,brand_search,
44,user_0017,2026-05-16 02:16:07,session_start,google,cpc,brand_search,
45,user_0017,2026-05-22 23:42:28,session_start,newsletter,email,weekly_digest,
46,user_0018,2026-03-20 21:06:06,session_start,blog.partner.com,referral,(none),
47,user_0018,2026-03-24 19:16:07,session_start,google,cpc,brand_search,
48,user_0019,2026-03-24 09:05:21,session_start,(direct),(none),(none),
49,user_0020,2026-03-10 01:48:27,session_start,google,organic,(none),
50,user_0020,2026-03-13 06:00:40,session_start,instagram,paid_social,retargeting,
51,user_0020,2026-03-13 10:20:52,purchase,(direct),(none),(none),169.62
52,user_0021,2026-05-07 21:45:21,session_start,blog.partner.com,referral,(none),
53,user_0021,2026-05-09 06:11:52,purchase,(direct),(none),(none),67.49
54,user_0022,2026-05-10 03:55:32,session_start,facebook,paid_social,prospecting_q1,
55,user_0023,2026-03-15 06:44:16,session_start,google,cpc,brand_search,
56,user_0023,2026-03-19 06:34:33,session_start,facebook,paid_social,prospecting_q1,
57,user_0023,2026-03-23 14:00:41,session_start,newsletter,email,weekly_digest,
58,user_0023,2026-03-29 17:01:33,session_start,(direct),(none),(none),
59,user_0024,2026-05-04 15:00:38,session_start,google,organic,(none),
60,user_0024,2026-05-06 11:58:57,session_start,facebook,paid_social,prospecting_q1,
61,user_0025,2026-05-09 05:52:41,session_start,facebook,paid_social,prospecting_q1,
62,user_0026,2026-05-14 22:42:30,session_start,blog.partner.com,referral,(none),
63,user_0027,2026-03-13 11:21:35,session_start,facebook,paid_social,prospecting_q1,
64,user_0027,2026-03-15 13:18:12,session_start,google,organic,(none),
65,user_0027,2026-03-16 06:29:14,session_start,google,organic,(none),
66,user_0027,2026-03-25 03:23:04,session_start,google,organic,(none),
67,user_0028,2026-05-11 19:10:18,session_start,(direct),(none),(none),
68,user_0028,2026-05-16 21:21:00,session_start,newsletter,email,weekly_digest,
69,user_0028,2026-05-18 19:52:45,purchase,(direct),(none),(none),156.9
70,user_0029,2026-04-26 02:21:21,session_start,google,cpc,brand_search,
71,user_0029,2026-05-01 10:32:03,session_start,facebook,paid_social,prospecting_q1,
72,user_0029,2026-05-03 08:41:27,purchase,(direct),(none),(none),34.63
73,user_0030,2026-04-14 15:03:47,session_start,instagram,paid_social,retargeting,
74,user_0030,2026-04-16 09:54:24,purchase,(direct),(none),(none),75.32
75,user_0031,2026-04-16 10:53:12,session_start,google,organic,(none),
76,user_0031,2026-04-21 18:57:29,session_start,facebook,paid_social,prospecting_q1,
77,user_0031,2026-04-30 05:10:05,session_start,google,cpc,brand_search,
78,user_0031,2026-05-01 00:46:12,purchase,(direct),(none),(none),179.56
79,user_0032,2026-03-24 17:07:08,session_start,newsletter,email,weekly_digest,
80,user_0033,2026-05-14 16:58:24,session_start,google,cpc,brand_search,
81,user_0033,2026-05-16 18:47:30,session_start,google,organic,(none),
82,user_0033,2026-05-25 04:41:46,session_start,(direct),(none),(none),
83,user_0033,2026-06-02 03:11:52,session_start,google,organic,(none),
84,user_0033,2026-06-03 17:18:51,session_start,blog.partner.com,referral,(none),
85,user_0033,2026-06-10 02:42:06,session_start,instagram,paid_social,retargeting,
86,user_0034,2026-05-01 06:47:14,session_start,google,organic,(none),
87,user_0035,2026-03-09 15:46:17,session_start,google,cpc,brand_search,
88,user_0035,2026-03-10 21:11:54,purchase,(direct),(none),(none),190.81
89,user_0036,2026-04-17 13:37:41,session_start,google,organic,(none),
90,user_0037,2026-03-07 22:08:14,session_start,facebook,paid_social,prospecting_q1,
91,user_0037,2026-03-10 13:22:19,session_start,google,cpc,brand_search,
92,user_0037,2026-03-17 13:01:56,session_start,instagram,paid_social,retargeting,
93,user_0037,2026-03-20 01:09:26,session_start,newsletter,email,weekly_digest,
94,user_0038,2026-03-06 15:26:20,session_start,(direct),(none),(none),
95,user_0039,2026-04-13 16:31:01,session_start,google,cpc,brand_search,
96,user_0039,2026-04-15 00:14:01,session_start,google,organic,(none),
97,user_0039,2026-04-23 02:53:54,session_start,newsletter,email,weekly_digest,
98,user_0039,2026-04-30 21:28:44,session_start,(direct),(none),(none),
99,user_0039,2026-05-01 03:18:37,purchase,(direct),(none),(none),206.13
100,user_0040,2026-03-31 11:28:45,session_start,instagram,paid_social,retargeting,
101,user_0040,2026-04-02 00:55:15,session_start,(direct),(none),(none),
102,user_0040,2026-04-09 20:19:32,session_start,(direct),(none),(none),
103,user_0040,2026-04-17 04:21:38,session_start,(direct),(none),(none),
104,user_0040,2026-04-17 14:23:44,session_start,newsletter,email,weekly_digest,
105,user_0041,2026-05-04 19:18:54,session_start,blog.partner.com,referral,(none),
106,user_0041,2026-05-07 08:27:52,session_start,newsletter,email,weekly_digest,
107,user_0041,2026-05-08 12:05:39,session_start,blog.partner.com,referral,(none),
108,user_0041,2026-05-16 06:13:45,session_start,google,organic,(none),
109,user_0042,2026-04-29 15:37:18,session_start,google,organic,(none),
110,user_0042,2026-04-30 01:25:11,session_start,google,cpc,brand_search,
111,user_0043,2026-03-21 22:25:29,session_start,instagram,paid_social,retargeting,
112,user_0043,2026-03-25 15:38:13,session_start,(direct),(none),(none),
113,user_0043,2026-03-30 13:41:08,session_start,(direct),(none),(none),
114,user_0043,2026-03-31 18:50:45,session_start,(direct),(none),(none),
115,user_0043,2026-04-02 13:21:34,session_start,(direct),(none),(none),
116,user_0043,2026-04-05 02:13:33,session_start,google,cpc,brand_search,
117,user_0044,2026-04-15 11:10:33,session_start,facebook,paid_social,prospecting_q1,
118,user_0044,2026-04-19 01:19:45,session_start,facebook,paid_social,prospecting_q1,
119,user_0045,2026-05-09 10:02:07,session_start,facebook,paid_social,prospecting_q1,
120,user_0046,2026-03-28 07:35:55,session_start,google,cpc,brand_search,
121,user_0046,2026-04-03 08:41:08,session_start,google,organic,(none),
122,user_0046,2026-04-06 07:47:04,session_start,blog.partner.com,referral,(none),
123,user_0046,2026-04-06 23:19:15,purchase,(direct),(none),(none),115.06
124,user_0047,2026-03-23 04:10:45,session_start,google,cpc,brand_search,
125,user_0047,2026-03-27 01:46:39,session_start,(direct),(none),(none),
126,user_0048,2026-03-23 13:42:35,session_start,facebook,paid_social,prospecting_q1,
127,user_0048,2026-03-23 18:35:43,session_start,google,organic,(none),
128,user_0048,2026-03-27 18:11:16,session_start,facebook,paid_social,prospecting_q1,
129,user_0049,2026-03-17 00:39:45,session_start,facebook,paid_social,prospecting_q1,
130,user_0049,2026-03-25 03:47:30,session_start,newsletter,email,weekly_digest,
131,user_0049,2026-03-26 05:01:05,purchase,(direct),(none),(none),170.07
132,user_0050,2026-05-01 09:09:44,session_start,newsletter,email,weekly_digest,
133,user_0050,2026-05-07 12:03:24,session_start,google,organic,(none),
134,user_0050,2026-05-08 00:33:51,purchase,(direct),(none),(none),131.41
135,user_0051,2026-03-06 11:05:26,session_start,google,organic,(none),
136,user_0051,2026-03-12 04:53:50,session_start,google,cpc,brand_search,
137,user_0051,2026-03-18 12:46:02,session_start,facebook,paid_social,prospecting_q1,
138,user_0051,2026-03-20 21:05:48,session_start,instagram,paid_social,retargeting,
139,user_0052,2026-03-08 23:51:25,session_start,facebook,paid_social,prospecting_q1,
140,user_0052,2026-03-10 17:48:15,session_start,(direct),(none),(none),
141,user_0052,2026-03-15 11:59:49,session_start,google,cpc,brand_search,
142,user_0052,2026-03-17 21:25:39,session_start,blog.partner.com,referral,(none),
143,user_0053,2026-05-14 02:12:23,session_start,instagram,paid_social,retargeting,
144,user_0053,2026-05-22 15:39:17,session_start,(direct),(none),(none),
145,user_0053,2026-05-28 05:50:49,session_start,newsletter,email,weekly_digest,
146,user_0054,2026-05-07 06:58:28,session_start,newsletter,email,weekly_digest,
147,user_0054,2026-05-11 16:01:32,session_start,google,organic,(none),
148,user_0055,2026-04-09 02:20:22,session_start,instagram,paid_social,retargeting,
149,user_0055,2026-04-11 17:08:04,session_start,google,cpc,brand_search,
150,user_0055,2026-04-14 10:16:49,session_start,google,organic,(none),
151,user_0055,2026-04-17 10:36:11,session_start,facebook,paid_social,prospecting_q1,
152,user_0055,2026-04-18 20:13:07,purchase,(direct),(none),(none),188.07
153,user_0056,2026-03-31 13:40:43,session_start,facebook,paid_social,prospecting_q1,
154,user_0056,2026-04-01 10:25:32,purchase,(direct),(none),(none),236.69
155,user_0057,2026-04-22 03:56:28,session_start,blog.partner.com,referral,(none),
156,user_0057,2026-04-29 02:26:05,session_start,google,organic,(none),
157,user_0057,2026-04-29 08:28:48,session_start,google,organic,(none),
158,user_0058,2026-04-01 10:14:17,session_start,newsletter,email,weekly_digest,
159,user_0058,2026-04-06 10:22:53,session_start,instagram,paid_social,retargeting,
160,user_0058,2026-04-08 13:45:33,session_start,google,cpc,brand_search,
161,user_0058,2026-04-12 14:36:28,session_start,google,cpc,brand_search,
162,user_0058,2026-04-15 18:23:54,session_start,instagram,paid_social,retargeting,
163,user_0058,2026-04-19 12:35:24,session_start,google,cpc,brand_search,
164,user_0058,2026-04-20 18:50:09,purchase,(direct),(none),(none),21.61
165,user_0059,2026-04-12 07:54:20,session_start,google,cpc,brand_search,
166,user_0059,2026-04-18 04:27:15,session_start,google,cpc,brand_search,
167,user_0059,2026-04-18 23:16:19,purchase,(direct),(none),(none),66.86
168,user_0060,2026-04-27 02:12:48,session_start,google,organic,(none),
169,user_0060,2026-05-03 21:50:16,session_start,blog.partner.com,referral,(none),
170,user_0060,2026-05-03 23:44:56,purchase,(direct),(none),(none),147.16
171,user_0061,2026-03-27 05:55:43,session_start,instagram,paid_social,retargeting,
172,user_0061,2026-04-03 07:43:30,session_start,instagram,paid_social,retargeting,
173,user_0061,2026-04-10 03:49:08,session_start,(direct),(none),(none),
174,user_0061,2026-04-12 02:43:26,session_start,google,cpc,brand_search,
175,user_0061,2026-04-13 15:42:25,session_start,google,cpc,brand_search,
176,user_0061,2026-04-19 17:53:48,session_start,facebook,paid_social,prospecting_q1,
177,user_0062,2026-03-13 14:01:13,session_start,instagram,paid_social,retargeting,
178,user_0062,2026-03-20 08:46:56,session_start,google,cpc,brand_search,
179,user_0062,2026-03-27 18:37:07,session_start,(direct),(none),(none),
180,user_0062,2026-03-28 22:14:57,session_start,google,cpc,brand_search,
181,user_0063,2026-03-30 17:58:40,session_start,newsletter,email,weekly_digest,
182,user_0063,2026-03-31 14:49:42,session_start,newsletter,email,weekly_digest,
183,user_0063,2026-04-06 08:06:07,session_start,google,cpc,brand_search,
184,user_0063,2026-04-13 08:03:00,session_start,blog.partner.com,referral,(none),
185,user_0063,2026-04-18 19:39:24,session_start,google,cpc,brand_search,
186,user_0063,2026-04-27 16:14:41,session_start,newsletter,email,weekly_digest,
187,user_0064,2026-04-07 22:43:45,session_start,google,organic,(none),
188,user_0064,2026-04-15 14:57:35,session_start,blog.partner.com,referral,(none),
189,user_0065,2026-05-02 03:40:23,session_start,newsletter,email,weekly_digest,
190,user_0065,2026-05-06 04:26:52,session_start,newsletter,email,weekly_digest,
191,user_0065,2026-05-14 21:09:21,session_start,google,organic,(none),
192,user_0066,2026-04-02 16:02:02,session_start,newsletter,email,weekly_digest,
193,user_0066,2026-04-05 05:31:09,session_start,blog.partner.com,referral,(none),
194,user_0066,2026-04-06 23:57:21,purchase,(direct),(none),(none),74.75
195,user_0067,2026-04-15 18:35:49,session_start,google,organic,(none),
196,user_0067,2026-04-16 05:27:30,session_start,blog.partner.com,referral,(none),
197,user_0067,2026-04-17 19:57:23,purchase,(direct),(none),(none),98.38
198,user_0068,2026-04-22 14:07:50,session_start,google,organic,(none),
199,user_0068,2026-04-22 21:04:28,session_start,(direct),(none),(none),
200,user_0068,2026-04-23 19:57:22,session_start,newsletter,email,weekly_digest,
201,user_0068,2026-04-28 07:56:37,session_start,newsletter,email,weekly_digest,
202,user_0068,2026-05-04 14:36:01,session_start,instagram,paid_social,retargeting,
203,user_0069,2026-03-17 14:52:24,session_start,newsletter,email,weekly_digest,
204,user_0070,2026-04-09 19:39:34,session_start,facebook,paid_social,prospecting_q1,
205,user_0070,2026-04-16 14:00:03,session_start,google,organic,(none),
206,user_0071,2026-03-10 01:10:50,session_start,google,cpc,brand_search,
207,user_0072,2026-03-14 21:16:10,session_start,google,cpc,brand_search,
208,user_0072,2026-03-19 08:19:56,session_start,newsletter,email,weekly_digest,
209,user_0072,2026-03-28 03:23:30,session_start,facebook,paid_social,prospecting_q1,
210,user_0072,2026-03-30 19:57:40,session_start,google,cpc,brand_search,
211,user_0072,2026-03-31 05:23:41,purchase,(direct),(none),(none),18.47
212,user_0073,2026-03-21 13:45:37,session_start,(direct),(none),(none),
213,user_0073,2026-03-26 15:25:47,session_start,newsletter,email,weekly_digest,
214,user_0074,2026-05-05 10:53:43,session_start,facebook,paid_social,prospecting_q1,
215,user_0074,2026-05-09 18:49:55,session_start,facebook,paid_social,prospecting_q1,
216,user_0074,2026-05-11 16:03:43,purchase,(direct),(none),(none),132.04
217,user_0075,2026-03-31 01:16:24,session_start,google,cpc,brand_search,
218,user_0075,2026-04-05 19:00:44,session_start,google,cpc,brand_search,
219,user_0075,2026-04-07 07:19:22,session_start,facebook,paid_social,prospecting_q1,
220,user_0075,2026-04-10 04:17:34,session_start,(direct),(none),(none),
221,user_0076,2026-04-29 07:20:00,session_start,google,organic,(none),
222,user_0076,2026-05-04 02:30:02,session_start,facebook,paid_social,prospecting_q1,
223,user_0076,2026-05-08 04:48:12,session_start,blog.partner.com,referral,(none),
224,user_0077,2026-04-15 17:20:08,session_start,newsletter,email,weekly_digest,
225,user_0077,2026-04-24 06:16:00,session_start,google,cpc,brand_search,
226,user_0077,2026-04-26 07:38:06,session_start,instagram,paid_social,retargeting,
227,user_0077,2026-04-26 12:09:47,purchase,(direct),(none),(none),15.66
228,user_0078,2026-04-14 12:51:36,session_start,google,organic,(none),
229,user_0078,2026-04-16 18:32:52,session_start,newsletter,email,weekly_digest,
230,user_0079,2026-05-09 07:02:23,session_start,newsletter,email,weekly_digest,
231,user_0079,2026-05-14 23:51:07,session_start,instagram,paid_social,retargeting,
232,user_0079,2026-05-23 09:50:34,session_start,facebook,paid_social,prospecting_q1,
233,user_0080,2026-05-01 23:56:09,session_start,google,cpc,brand_search,
234,user_0080,2026-05-03 15:46:44,session_start,google,organic,(none),
235,user_0080,2026-05-10 10:45:31,session_start,facebook,paid_social,prospecting_q1,
236,user_0080,2026-05-13 04:30:48,session_start,google,cpc,brand_search,
237,user_0080,2026-05-19 10:45:43,session_start,newsletter,email,weekly_digest,
238,user_0081,2026-03-07 00:47:43,session_start,google,cpc,brand_search,
239,user_0081,2026-03-11 00:50:23,session_start,google,organic,(none),
240,user_0081,2026-03-12 23:02:58,purchase,(direct),(none),(none),219.81
241,user_0082,2026-05-11 07:24:55,session_start,(direct),(none),(none),
242,user_0082,2026-05-17 10:12:04,session_start,google,organic,(none),
243,user_0082,2026-05-17 23:29:53,session_start,newsletter,email,weekly_digest,
244,user_0083,2026-03-14 14:40:49,session_start,instagram,paid_social,retargeting,
245,user_0083,2026-03-20 09:32:49,session_start,facebook,paid_social,prospecting_q1,
246,user_0083,2026-03-21 09:37:02,session_start,google,organic,(none),
247,user_0083,2026-03-24 12:48:43,session_start,instagram,paid_social,retargeting,
248,user_0083,2026-04-01 06:45:55,session_start,google,organic,(none),
249,user_0084,2026-05-01 00:25:07,session_start,facebook,paid_social,prospecting_q1,
250,user_0084,2026-05-05 05:16:41,session_start,google,organic,(none),
251,user_0084,2026-05-08 06:21:12,session_start,(direct),(none),(none),
252,user_0084,2026-05-12 00:30:55,session_start,facebook,paid_social,prospecting_q1,
253,user_0084,2026-05-20 22:00:21,session_start,instagram,paid_social,retargeting,
254,user_0085,2026-03-28 03:12:10,session_start,newsletter,email,weekly_digest,
255,user_0086,2026-04-11 04:35:43,session_start,(direct),(none),(none),
256,user_0087,2026-05-12 23:39:51,session_start,instagram,paid_social,retargeting,
257,user_0087,2026-05-14 02:33:13,purchase,(direct),(none),(none),150.3
258,user_0088,2026-05-14 10:03:46,session_start,(direct),(none),(none),
259,user_0088,2026-05-16 02:10:24,purchase,(direct),(none),(none),137.1
260,user_0089,2026-04-08 03:58:10,session_start,google,organic,(none),
261,user_0089,2026-04-15 17:03:47,session_start,(direct),(none),(none),
262,user_0089,2026-04-18 01:20:21,session_start,facebook,paid_social,prospecting_q1,
263,user_0090,2026-05-05 22:47:14,session_start,blog.partner.com,referral,(none),
264,user_0090,2026-05-08 13:55:50,session_start,newsletter,email,weekly_digest,
265,user_0091,2026-05-01 12:59:20,session_start,google,organic,(none),
266,user_0091,2026-05-04 08:50:38,session_start,instagram,paid_social,retargeting,
267,user_0092,2026-04-10 09:26:42,session_start,google,organic,(none),
268,user_0093,2026-03-25 03:11:57,session_start,google,cpc,brand_search,
269,user_0093,2026-03-31 11:18:39,session_start,facebook,paid_social,prospecting_q1,
270,user_0094,2026-04-25 20:28:09,session_start,newsletter,email,weekly_digest,
271,user_0094,2026-04-27 04:39:45,purchase,(direct),(none),(none),216.08
272,user_0095,2026-04-07 03:35:29,session_start,google,cpc,brand_search,
273,user_0095,2026-04-11 18:28:31,session_start,instagram,paid_social,retargeting,
274,user_0095,2026-04-19 14:57:22,session_start,blog.partner.com,referral,(none),
275,user_0095,2026-04-23 16:44:55,session_start,facebook,paid_social,prospecting_q1,
276,user_0095,2026-04-27 22:03:07,session_start,newsletter,email,weekly_digest,
277,user_0095,2026-05-01 17:26:22,session_start,instagram,paid_social,retargeting,
278,user_0096,2026-03-26 09:24:36,session_start,newsletter,email,weekly_digest,
279,user_0096,2026-04-01 07:27:20,session_start,blog.partner.com,referral,(none),
280,user_0096,2026-04-09 00:16:12,session_start,blog.partner.com,referral,(none),
281,user_0096,2026-04-12 13:19:41,session_start,google,organic,(none),
282,user_0096,2026-04-19 01:55:16,session_start,newsletter,email,weekly_digest,
283,user_0096,2026-04-26 22:58:06,session_start,google,cpc,brand_search,
284,user_0097,2026-05-14 19:21:59,session_start,newsletter,email,weekly_digest,
285,user_0097,2026-05-18 19:49:17,session_start,google,cpc,brand_search,
286,user_0097,2026-05-24 14:28:08,session_start,blog.partner.com,referral,(none),
287,user_0097,2026-05-28 16:58:25,session_start,newsletter,email,weekly_digest,
288,user_0097,2026-06-05 20:34:37,session_start,google,cpc,brand_search,
289,user_0097,2026-06-06 15:11:40,purchase,(direct),(none),(none),50.66
290,user_0098,2026-04-12 10:40:13,session_start,newsletter,email,weekly_digest,
291,user_0098,2026-04-14 03:22:15,session_start,google,cpc,brand_search,
292,user_0099,2026-05-08 11:05:32,session_start,google,cpc,brand_search,
293,user_0099,2026-05-09 00:05:33,purchase,(direct),(none),(none),17.3
294,user_0100,2026-05-07 14:10:37,session_start,instagram,paid_social,retargeting,
295,user_0100,2026-05-09 04:20:29,session_start,facebook,paid_social,prospecting_q1,
296,user_0100,2026-05-12 10:07:29,session_start,instagram,paid_social,retargeting,
297,user_0100,2026-05-18 05:52:07,session_start,facebook,paid_social,prospecting_q1,
298,user_0101,2026-03-29 20:26:52,session_start,facebook,paid_social,prospecting_q1,
299,user_0102,2026-05-14 10:50:44,session_start,google,organic,(none),
300,user_0102,2026-05-23 06:11:15,session_start,instagram,paid_social,retargeting,
301,user_0102,2026-05-25 20:57:28,session_start,facebook,paid_social,prospecting_q1,
302,user_0103,2026-04-15 11:31:54,session_start,facebook,paid_social,prospecting_q1,
303,user_0104,2026-04-15 12:43:01,session_start,google,organic,(none),
304,user_0104,2026-04-21 07:58:14,session_start,instagram,paid_social,retargeting,
305,user_0104,2026-04-27 11:54:52,session_start,newsletter,email,weekly_digest,
306,user_0104,2026-05-03 11:56:01,session_start,blog.partner.com,referral,(none),
307,user_0105,2026-03-24 04:04:45,session_start,facebook,paid_social,prospecting_q1,
308,user_0105,2026-03-29 11:17:06,session_start,newsletter,email,weekly_digest,
309,user_0105,2026-03-30 11:07:16,session_start,google,organic,(none),
310,user_0105,2026-03-30 18:19:58,purchase,(direct),(none),(none),147.15
311,user_0106,2026-04-09 19:32:03,session_start,(direct),(none),(none),
312,user_0106,2026-04-17 07:43:48,session_start,google,organic,(none),
313,user_0106,2026-04-24 18:42:16,session_start,facebook,paid_social,prospecting_q1,
314,user_0106,2026-05-02 01:50:05,session_start,newsletter,email,weekly_digest,
315,user_0106,2026-05-05 06:10:17,session_start,google,cpc,brand_search,
316,user_0106,2026-05-13 22:20:04,session_start,google,cpc,brand_search,
317,user_0107,2026-05-13 11:53:45,session_start,(direct),(none),(none),
318,user_0107,2026-05-20 18:37:29,session_start,google,organic,(none),
319,user_0107,2026-05-27 22:25:01,session_start,google,cpc,brand_search,
320,user_0108,2026-04-20 10:12:48,session_start,instagram,paid_social,retargeting,
321,user_0108,2026-04-27 20:42:28,session_start,(direct),(none),(none),
322,user_0108,2026-04-29 00:23:26,session_start,google,organic,(none),
323,user_0109,2026-05-08 15:27:38,session_start,google,organic,(none),
324,user_0109,2026-05-09 09:36:43,session_start,blog.partner.com,referral,(none),
325,user_0109,2026-05-17 14:28:29,session_start,google,organic,(none),
326,user_0109,2026-05-19 11:56:56,purchase,(direct),(none),(none),89.57
327,user_0110,2026-03-08 06:56:44,session_start,(direct),(none),(none),
328,user_0110,2026-03-09 16:23:52,session_start,facebook,paid_social,prospecting_q1,
329,user_0111,2026-04-01 10:25:41,session_start,newsletter,email,weekly_digest,
330,user_0111,2026-04-02 23:51:48,session_start,google,organic,(none),
331,user_0111,2026-04-04 01:34:36,session_start,facebook,paid_social,prospecting_q1,
332,user_0111,2026-04-07 20:34:15,session_start,(direct),(none),(none),
333,user_0111,2026-04-08 08:16:49,session_start,google,organic,(none),
334,user_0112,2026-03-08 10:50:17,session_start,newsletter,email,weekly_digest,
335,user_0112,2026-03-13 10:37:46,session_start,(direct),(none),(none),
336,user_0112,2026-03-16 19:10:53,session_start,google,organic,(none),
337,user_0112,2026-03-18 16:04:08,session_start,google,cpc,brand_search,
338,user_0113,2026-04-18 03:04:04,session_start,instagram,paid_social,retargeting,
339,user_0113,2026-04-18 12:22:43,session_start,newsletter,email,weekly_digest,
340,user_0113,2026-04-20 20:37:13,session_start,google,cpc,brand_search,
341,user_0113,2026-04-22 09:34:58,purchase,(direct),(none),(none),65.75
342,user_0114,2026-05-05 05:27:06,session_start,google,organic,(none),
343,user_0115,2026-05-04 09:07:51,session_start,google,cpc,brand_search,
344,user_0115,2026-05-04 18:19:56,purchase,(direct),(none),(none),176.96
345,user_0116,2026-03-02 02:44:54,session_start,newsletter,email,weekly_digest,
346,user_0116,2026-03-02 11:56:17,purchase,(direct),(none),(none),27.84
347,user_0117,2026-04-09 10:57:14,session_start,newsletter,email,weekly_digest,
348,user_0117,2026-04-13 20:20:13,session_start,newsletter,email,weekly_digest,
349,user_0117,2026-04-18 13:31:58,session_start,google,cpc,brand_search,
350,user_0118,2026-04-28 17:48:30,session_start,blog.partner.com,referral,(none),
351,user_0119,2026-03-05 13:29:08,session_start,facebook,paid_social,prospecting_q1,
352,user_0119,2026-03-09 07:06:26,session_start,newsletter,email,weekly_digest,
353,user_0119,2026-03-13 19:27:07,session_start,(direct),(none),(none),
354,user_0119,2026-03-14 15:46:23,session_start,google,cpc,brand_search,
355,user_0119,2026-03-20 05:02:44,session_start,google,cpc,brand_search,
356,user_0119,2026-03-22 19:55:44,session_start,instagram,paid_social,retargeting,
357,user_0119,2026-03-24 19:40:35,purchase,(direct),(none),(none),144.99
358,user_0120,2026-04-15 09:46:05,session_start,google,cpc,brand_search,
359,user_0120,2026-04-21 18:47:02,session_start,blog.partner.com,referral,(none),
360,user_0121,2026-03-17 03:02:29,session_start,facebook,paid_social,prospecting_q1,
361,user_0121,2026-03-19 08:05:57,session_start,google,organic,(none),
362,user_0121,2026-03-23 12:40:41,session_start,google,organic,(none),
363,user_0122,2026-03-29 01:44:30,session_start,google,cpc,brand_search,
364,user_0122,2026-04-06 09:28:34,session_start,google,cpc,brand_search,
365,user_0122,2026-04-13 21:56:47,session_start,google,cpc,brand_search,
366,user_0123,2026-04-11 17:28:02,session_start,instagram,paid_social,retargeting,
367,user_0123,2026-04-16 20:52:27,session_start,google,organic,(none),
368,user_0123,2026-04-18 03:29:22,session_start,google,organic,(none),
369,user_0123,2026-04-24 04:48:34,session_start,newsletter,email,weekly_digest,
370,user_0124,2026-04-15 00:44:17,session_start,google,organic,(none),
371,user_0124,2026-04-20 07:35:40,session_start,google,cpc,brand_search,
372,user_0124,2026-04-26 07:05:50,session_start,google,organic,(none),
373,user_0124,2026-04-27 10:45:10,session_start,blog.partner.com,referral,(none),
374,user_0124,2026-04-30 21:10:54,session_start,newsletter,email,weekly_digest,
375,user_0124,2026-05-06 03:13:54,session_start,blog.partner.com,referral,(none),
376,user_0125,2026-04-16 00:25:54,session_start,instagram,paid_social,retargeting,
377,user_0125,2026-04-16 10:46:36,session_start,(direct),(none),(none),
378,user_0125,2026-04-23 22:45:31,session_start,google,organic,(none),
379,user_0125,2026-04-25 17:39:45,session_start,newsletter,email,weekly_digest,
380,user_0125,2026-04-25 18:56:58,purchase,(direct),(none),(none),228.12
381,user_0126,2026-03-31 01:24:42,session_start,google,cpc,brand_search,
382,user_0126,2026-04-05 19:56:15,session_start,google,cpc,brand_search,
383,user_0126,2026-04-12 14:18:59,session_start,google,cpc,brand_search,
384,user_0126,2026-04-13 08:42:32,purchase,(direct),(none),(none),191.79
385,user_0127,2026-04-12 13:40:06,session_start,google,cpc,brand_search,
386,user_0127,2026-04-13 05:34:45,session_start,google,cpc,brand_search,
387,user_0127,2026-04-18 20:52:00,session_start,instagram,paid_social,retargeting,
388,user_0127,2026-04-21 11:08:05,session_start,instagram,paid_social,retargeting,
389,user_0128,2026-04-26 14:53:51,session_start,google,cpc,brand_search,
390,user_0128,2026-04-27 23:47:11,purchase,(direct),(none),(none),134.23
391,user_0129,2026-03-04 09:45:04,session_start,google,organic,(none),
392,user_0129,2026-03-09 21:07:43,session_start,google,cpc,brand_search,
393,user_0129,2026-03-12 17:35:18,session_start,google,cpc,brand_search,
394,user_0129,2026-03-13 10:00:36,purchase,(direct),(none),(none),16.89
395,user_0130,2026-03-14 04:15:02,session_start,google,organic,(none),
396,user_0130,2026-03-20 13:39:57,session_start,facebook,paid_social,prospecting_q1,
397,user_0130,2026-03-28 02:28:13,session_start,blog.partner.com,referral,(none),
398,user_0131,2026-03-02 09:44:05,session_start,(direct),(none),(none),
399,user_0132,2026-04-23 05:05:53,session_start,google,organic,(none),
400,user_0132,2026-04-24 10:13:21,session_start,google,cpc,brand_search,
401,user_0132,2026-04-27 11:36:49,session_start,blog.partner.com,referral,(none),
402,user_0133,2026-03-07 14:38:01,session_start,blog.partner.com,referral,(none),
403,user_0133,2026-03-09 22:49:20,session_start,instagram,paid_social,retargeting,
404,user_0133,2026-03-14 18:16:59,session_start,google,organic,(none),
405,user_0133,2026-03-17 16:36:47,session_start,google,organic,(none),
406,user_0133,2026-03-20 19:45:25,session_start,google,cpc,brand_search,
407,user_0133,2026-03-21 20:43:29,purchase,(direct),(none),(none),236.95
408,user_0134,2026-04-24 13:16:56,session_start,blog.partner.com,referral,(none),
409,user_0134,2026-05-01 22:13:05,session_start,google,organic,(none),
410,user_0134,2026-05-03 03:31:51,purchase,(direct),(none),(none),201.25
411,user_0135,2026-03-14 06:51:46,session_start,newsletter,email,weekly_digest,
412,user_0135,2026-03-18 20:01:13,session_start,newsletter,email,weekly_digest,
413,user_0135,2026-03-25 17:18:23,session_start,facebook,paid_social,prospecting_q1,
414,user_0136,2026-04-16 20:08:21,session_start,blog.partner.com,referral,(none),
415,user_0136,2026-04-22 13:24:27,session_start,google,cpc,brand_search,
416,user_0136,2026-04-23 08:37:46,session_start,facebook,paid_social,prospecting_q1,
417,user_0136,2026-04-23 12:16:10,purchase,(direct),(none),(none),139.3
418,user_0137,2026-04-03 21:26:41,session_start,google,cpc,brand_search,
419,user_0137,2026-04-11 09:53:57,session_start,google,cpc,brand_search,
420,user_0138,2026-04-08 00:43:19,session_start,facebook,paid_social,prospecting_q1,
421,user_0138,2026-04-13 02:35:37,session_start,newsletter,email,weekly_digest,
422,user_0138,2026-04-21 04:36:10,session_start,facebook,paid_social,prospecting_q1,
423,user_0139,2026-04-05 16:07:56,session_start,google,cpc,brand_search,
424,user_0139,2026-04-06 09:59:59,session_start,google,cpc,brand_search,
425,user_0139,2026-04-07 20:34:22,purchase,(direct),(none),(none),138.61
426,user_0140,2026-03-19 13:56:19,session_start,facebook,paid_social,prospecting_q1,
427,user_0141,2026-03-28 23:08:00,session_start,google,organic,(none),
428,user_0142,2026-04-29 04:36:30,session_start,instagram,paid_social,retargeting,
429,user_0142,2026-04-29 23:19:44,session_start,google,cpc,brand_search,
430,user_0142,2026-05-06 03:24:10,session_start,google,organic,(none),
431,user_0143,2026-05-05 11:54:12,session_start,google,organic,(none),
432,user_0143,2026-05-10 19:46:40,session_start,google,cpc,brand_search,
433,user_0143,2026-05-14 02:27:36,session_start,(direct),(none),(none),
434,user_0143,2026-05-20 10:46:44,session_start,google,organic,(none),
435,user_0143,2026-05-25 21:15:06,session_start,(direct),(none),(none),
436,user_0143,2026-05-27 11:27:35,purchase,(direct),(none),(none),214.23
437,user_0144,2026-05-02 04:07:34,session_start,newsletter,email,weekly_digest,
438,user_0144,2026-05-08 09:41:08,session_start,facebook,paid_social,prospecting_q1,
439,user_0144,2026-05-14 06:55:34,session_start,facebook,paid_social,prospecting_q1,
440,user_0144,2026-05-14 16:23:54,purchase,(direct),(none),(none),67.48
441,user_0145,2026-04-06 11:17:15,session_start,google,organic,(none),
442,user_0145,2026-04-07 21:08:29,session_start,google,cpc,brand_search,
443,user_0145,2026-04-15 12:17:05,session_start,google,cpc,brand_search,
444,user_0145,2026-04-22 11:53:36,session_start,blog.partner.com,referral,(none),
445,user_0145,2026-04-30 11:19:37,session_start,google,cpc,brand_search,
446,user_0146,2026-03-29 06:05:44,session_start,google,cpc,brand_search,
447,user_0147,2026-03-13 09:58:13,session_start,facebook,paid_social,prospecting_q1,
448,user_0147,2026-03-17 05:32:37,session_start,instagram,paid_social,retargeting,
449,user_0147,2026-03-19 12:30:36,session_start,facebook,paid_social,prospecting_q1,
450,user_0147,2026-03-22 05:29:13,session_start,newsletter,email,weekly_digest,
451,user_0148,2026-04-30 15:31:22,session_start,facebook,paid_social,prospecting_q1,
452,user_0148,2026-05-08 04:41:56,session_start,google,organic,(none),
453,user_0149,2026-03-22 03:11:20,session_start,google,organic,(none),
454,user_0149,2026-03-26 23:23:19,session_start,(direct),(none),(none),
455,user_0150,2026-03-19 18:00:20,session_start,instagram,paid_social,retargeting,
456,user_0151,2026-05-03 10:36:21,session_start,blog.partner.com,referral,(none),
457,user_0152,2026-05-07 21:33:04,session_start,google,cpc,brand_search,
458,user_0153,2026-04-03 20:01:49,session_start,google,organic,(none),
459,user_0153,2026-04-04 20:37:28,purchase,(direct),(none),(none),72.77
460,user_0154,2026-03-29 02:50:34,session_start,google,cpc,brand_search,
461,user_0154,2026-04-06 12:13:59,session_start,blog.partner.com,referral,(none),
462,user_0154,2026-04-12 10:18:17,session_start,newsletter,email,weekly_digest,
463,user_0154,2026-04-13 20:09:57,session_start,google,organic,(none),
464,user_0154,2026-04-21 08:12:41,session_start,newsletter,email,weekly_digest,
465,user_0154,2026-04-22 18:19:28,session_start,newsletter,email,weekly_digest,
466,user_0154,2026-04-22 23:02:53,purchase,(direct),(none),(none),77.7
467,user_0155,2026-04-11 03:50:51,session_start,newsletter,email,weekly_digest,
468,user_0155,2026-04-16 00:06:46,session_start,google,cpc,brand_search,
469,user_0155,2026-04-18 17:45:36,session_start,google,organic,(none),
470,user_0155,2026-04-19 08:38:40,session_start,google,organic,(none),
471,user_0156,2026-05-07 21:15:51,session_start,instagram,paid_social,retargeting,
472,user_0157,2026-03-11 18:26:17,session_start,facebook,paid_social,prospecting_q1,
473,user_0157,2026-03-12 15:01:01,purchase,(direct),(none),(none),177.77
474,user_0158,2026-05-13 02:22:41,session_start,google,cpc,brand_search,
475,user_0159,2026-04-11 13:28:24,session_start,google,organic,(none),
476,user_0159,2026-04-15 21:33:57,session_start,instagram,paid_social,retargeting,
477,user_0159,2026-04-24 17:33:41,session_start,google,organic,(none),
478,user_0159,2026-04-25 01:47:30,session_start,newsletter,email,weekly_digest,
479,user_0159,2026-04-28 07:24:51,session_start,newsletter,email,weekly_digest,
480,user_0159,2026-05-04 00:54:07,session_start,newsletter,email,weekly_digest,
481,user_0159,2026-05-04 03:59:09,purchase,(direct),(none),(none),148.77
482,user_0160,2026-03-14 03:09:37,session_start,newsletter,email,weekly_digest,
483,user_0160,2026-03-18 10:05:19,session_start,newsletter,email,weekly_digest,
484,user_0160,2026-03-24 04:18:41,session_start,blog.partner.com,referral,(none),
485,user_0160,2026-03-24 22:26:17,session_start,newsletter,email,weekly_digest,
486,user_0160,2026-03-25 01:29:49,purchase,(direct),(none),(none),63.87
487,user_0161,2026-05-10 00:04:03,session_start,facebook,paid_social,prospecting_q1,
488,user_0162,2026-04-26 11:55:25,session_start,google,cpc,brand_search,
489,user_0163,2026-03-25 21:27:51,session_start,google,cpc,brand_search,
490,user_0163,2026-03-29 07:59:24,session_start,(direct),(none),(none),
491,user_0163,2026-04-05 01:46:36,session_start,(direct),(none),(none),
492,user_0163,2026-04-08 16:14:09,session_start,(direct),(none),(none),
493,user_0164,2026-04-08 22:41:47,session_start,blog.partner.com,referral,(none),
494,user_0164,2026-04-15 13:03:22,session_start,google,cpc,brand_search,
495,user_0164,2026-04-21 01:05:39,session_start,blog.partner.com,referral,(none),
496,user_0164,2026-04-26 01:05:54,session_start,google,organic,(none),
497,user_0164,2026-04-26 22:48:32,session_start,instagram,paid_social,retargeting,
498,user_0165,2026-04-21 17:34:35,session_start,google,organic,(none),
499,user_0165,2026-04-22 07:19:19,session_start,blog.partner.com,referral,(none),
500,user_0166,2026-05-13 12:02:56,session_start,(direct),(none),(none),
501,user_0167,2026-04-30 01:58:21,session_start,instagram,paid_social,retargeting,
502,user_0167,2026-05-08 16:00:06,session_start,google,cpc,brand_search,
503,user_0168,2026-03-06 01:01:12,session_start,newsletter,email,weekly_digest,
504,user_0168,2026-03-07 04:40:49,purchase,(direct),(none),(none),163.25
505,user_0169,2026-05-11 03:52:56,session_start,google,organic,(none),
506,user_0169,2026-05-18 01:50:44,session_start,facebook,paid_social,prospecting_q1,
507,user_0169,2026-05-22 22:28:03,session_start,google,organic,(none),
508,user_0169,2026-05-23 04:47:59,purchase,(direct),(none),(none),195.24
509,user_0170,2026-03-30 00:34:38,session_start,facebook,paid_social,prospecting_q1,
510,user_0170,2026-04-01 12:39:52,session_start,google,organic,(none),
511,user_0171,2026-05-08 17:39:43,session_start,facebook,paid_social,prospecting_q1,
512,user_0172,2026-05-07 09:37:20,session_start,facebook,paid_social,prospecting_q1,
513,user_0172,2026-05-08 08:57:49,session_start,newsletter,email,weekly_digest,
514,user_0172,2026-05-09 02:17:33,purchase,(direct),(none),(none),30.91
515,user_0173,2026-05-06 20:23:49,session_start,blog.partner.com,referral,(none),
516,user_0173,2026-05-13 07:31:51,session_start,(direct),(none),(none),
517,user_0174,2026-03-10 02:27:08,session_start,google,cpc,brand_search,
518,user_0174,2026-03-11 12:34:59,session_start,newsletter,email,weekly_digest,
519,user_0175,2026-04-30 06:35:27,session_start,facebook,paid_social,prospecting_q1,
520,user_0175,2026-05-05 20:38:04,session_start,google,cpc,brand_search,
521,user_0176,2026-04-09 10:15:07,session_start,newsletter,email,weekly_digest,
522,user_0176,2026-04-16 20:56:29,session_start,google,cpc,brand_search,
523,user_0176,2026-04-25 15:06:29,session_start,instagram,paid_social,retargeting,
524,user_0177,2026-05-05 20:19:41,session_start,newsletter,email,weekly_digest,
525,user_0177,2026-05-11 16:15:09,session_start,google,cpc,brand_search,
526,user_0178,2026-03-05 03:44:35,session_start,google,cpc,brand_search,
527,user_0178,2026-03-06 16:51:35,session_start,google,cpc,brand_search,
528,user_0178,2026-03-09 17:48:21,session_start,newsletter,email,weekly_digest,
529,user_0178,2026-03-12 23:41:09,session_start,(direct),(none),(none),
530,user_0178,2026-03-21 01:29:39,session_start,blog.partner.com,referral,(none),
531,user_0179,2026-03-10 09:18:23,session_start,google,organic,(none),
532,user_0179,2026-03-15 06:46:37,session_start,facebook,paid_social,prospecting_q1,
533,user_0179,2026-03-16 23:11:34,session_start,(direct),(none),(none),
534,user_0180,2026-04-15 09:15:00,session_start,blog.partner.com,referral,(none),
535,user_0180,2026-04-20 13:05:10,session_start,blog.partner.com,referral,(none),
536,user_0180,2026-04-20 23:52:43,session_start,google,cpc,brand_search,
537,user_0181,2026-04-27 12:31:34,session_start,google,organic,(none),
538,user_0181,2026-05-03 08:16:52,session_start,facebook,paid_social,prospecting_q1,
539,user_0181,2026-05-09 01:32:17,session_start,google,organic,(none),
540,user_0182,2026-04-21 08:59:00,session_start,google,organic,(none),
541,user_0182,2026-04-22 05:11:43,session_start,google,cpc,brand_search,
542,user_0182,2026-04-26 06:50:24,session_start,facebook,paid_social,prospecting_q1,
543,user_0182,2026-04-28 06:43:47,session_start,instagram,paid_social,retargeting,
544,user_0183,2026-05-04 13:23:57,session_start,(direct),(none),(none),
545,user_0183,2026-05-05 21:49:01,session_start,google,organic,(none),
546,user_0183,2026-05-11 01:14:16,session_start,google,organic,(none),
547,user_0184,2026-03-08 06:15:39,session_start,google,organic,(none),
548,user_0185,2026-05-04 21:33:12,session_start,google,cpc,brand_search,
549,user_0186,2026-04-27 05:37:06,session_start,facebook,paid_social,prospecting_q1,
550,user_0186,2026-05-01 23:07:42,session_start,facebook,paid_social,prospecting_q1,
551,user_0186,2026-05-03 20:33:15,purchase,(direct),(none),(none),138.83
552,user_0187,2026-03-17 03:15:35,session_start,google,organic,(none),
553,user_0187,2026-03-17 18:44:02,session_start,facebook,paid_social,prospecting_q1,
554,user_0187,2026-03-25 17:53:03,session_start,instagram,paid_social,retargeting,
555,user_0187,2026-03-30 02:04:19,session_start,facebook,paid_social,prospecting_q1,
556,user_0187,2026-04-06 17:47:41,session_start,facebook,paid_social,prospecting_q1,
557,user_0187,2026-04-14 16:58:10,session_start,newsletter,email,weekly_digest,
558,user_0187,2026-04-15 12:47:48,purchase,(direct),(none),(none),154.72
559,user_0188,2026-04-11 11:48:04,session_start,google,cpc,brand_search,
560,user_0189,2026-05-14 04:21:47,session_start,newsletter,email,weekly_digest,
561,user_0190,2026-04-29 14:48:54,session_start,google,organic,(none),
562,user_0190,2026-05-08 01:55:15,session_start,newsletter,email,weekly_digest,
563,user_0191,2026-03-04 09:32:45,session_start,google,cpc,brand_search,
564,user_0191,2026-03-07 12:41:03,session_start,facebook,paid_social,prospecting_q1,
565,user_0192,2026-03-25 14:20:18,session_start,instagram,paid_social,retargeting,
566,user_0192,2026-03-27 05:27:32,session_start,(direct),(none),(none),
567,user_0193,2026-05-02 02:55:15,session_start,facebook,paid_social,prospecting_q1,
568,user_0193,2026-05-08 13:24:24,session_start,google,organic,(none),
569,user_0194,2026-05-13 11:48:59,session_start,instagram,paid_social,retargeting,
570,user_0194,2026-05-20 16:53:27,session_start,newsletter,email,weekly_digest,
571,user_0194,2026-05-26 23:00:21,session_start,google,cpc,brand_search,
572,user_0195,2026-04-28 05:05:29,session_start,facebook,paid_social,prospecting_q1,
573,user_0195,2026-05-04 18:15:04,session_start,instagram,paid_social,retargeting,
574,user_0195,2026-05-06 11:03:48,session_start,instagram,paid_social,retargeting,
575,user_0195,2026-05-12 02:45:06,session_start,blog.partner.com,referral,(none),
576,user_0196,2026-05-11 02:46:09,session_start,google,cpc,brand_search,
577,user_0196,2026-05-11 10:53:11,purchase,(direct),(none),(none),184.17
578,user_0197,2026-04-28 02:57:00,session_start,(direct),(none),(none),
579,user_0197,2026-05-06 00:05:21,session_start,newsletter,email,weekly_digest,
580,user_0197,2026-05-06 10:50:03,purchase,(direct),(none),(none),94.64
581,user_0198,2026-04-09 09:51:31,session_start,google,organic,(none),
582,user_0198,2026-04-11 03:14:06,session_start,(direct),(none),(none),
583,user_0198,2026-04-14 08:20:04,session_start,google,organic,(none),
584,user_0199,2026-04-21 23:57:50,session_start,instagram,paid_social,retargeting,
585,user_0199,2026-04-23 21:22:12,session_start,google,organic,(none),
586,user_0199,2026-04-29 00:02:16,session_start,google,organic,(none),
587,user_0200,2026-03-16 13:06:00,session_start,newsletter,email,weekly_digest,
588,user_0200,2026-03-18 09:59:02,purchase,(direct),(none),(none),209.87
589,user_0201,2026-03-10 03:22:24,session_start,instagram,paid_social,retargeting,
590,user_0202,2026-05-11 14:17:45,session_start,blog.partner.com,referral,(none),
591,user_0202,2026-05-14 08:26:22,session_start,google,organic,(none),
592,user_0202,2026-05-20 20:03:58,session_start,google,organic,(none),
593,user_0202,2026-05-24 22:17:45,session_start,google,organic,(none),
594,user_0202,2026-05-26 00:36:33,purchase,(direct),(none),(none),243.59
595,user_0203,2026-03-11 07:05:28,session_start,instagram,paid_social,retargeting,
596,user_0203,2026-03-16 15:49:47,session_start,google,organic,(none),
597,user_0203,2026-03-22 18:05:55,session_start,facebook,paid_social,prospecting_q1,
598,user_0203,2026-03-23 14:31:26,purchase,(direct),(none),(none),190.75
599,user_0204,2026-04-27 19:22:44,session_start,google,cpc,brand_search,
600,user_0205,2026-05-10 03:03:27,session_start,blog.partner.com,referral,(none),
601,user_0205,2026-05-14 12:41:41,session_start,google,cpc,brand_search,
602,user_0205,2026-05-15 20:03:07,purchase,(direct),(none),(none),237.44
603,user_0206,2026-04-13 01:26:24,session_start,facebook,paid_social,prospecting_q1,
604,user_0207,2026-03-14 03:06:59,session_start,(direct),(none),(none),
605,user_0207,2026-03-15 21:02:35,session_start,(direct),(none),(none),
606,user_0207,2026-03-24 20:26:45,session_start,google,organic,(none),
607,user_0207,2026-03-29 09:52:15,session_start,(direct),(none),(none),
608,user_0207,2026-04-07 01:52:23,session_start,(direct),(none),(none),
609,user_0207,2026-04-08 05:34:02,purchase,(direct),(none),(none),41.29
610,user_0208,2026-03-22 08:12:39,session_start,(direct),(none),(none),
611,user_0208,2026-03-27 07:45:21,session_start,facebook,paid_social,prospecting_q1,
612,user_0208,2026-04-04 18:46:48,session_start,blog.partner.com,referral,(none),
613,user_0208,2026-04-09 02:25:33,session_start,google,cpc,brand_search,
614,user_0208,2026-04-10 07:01:01,session_start,google,cpc,brand_search,
615,user_0208,2026-04-14 12:44:23,session_start,google,organic,(none),
616,user_0209,2026-04-12 14:00:22,session_start,newsletter,email,weekly_digest,
617,user_0209,2026-04-14 07:52:14,session_start,blog.partner.com,referral,(none),
618,user_0209,2026-04-22 10:07:34,session_start,blog.partner.com,referral,(none),
619,user_0209,2026-04-27 03:45:12,session_start,google,cpc,brand_search,
620,user_0209,2026-04-27 11:21:43,purchase,(direct),(none),(none),94.28
621,user_0210,2026-03-20 13:24:48,session_start,google,organic,(none),
622,user_0211,2026-04-24 05:11:18,session_start,google,cpc,brand_search,
623,user_0211,2026-04-30 04:02:47,session_start,newsletter,email,weekly_digest,
624,user_0211,2026-04-30 19:27:58,purchase,(direct),(none),(none),114.33
625,user_0212,2026-05-07 03:12:47,session_start,newsletter,email,weekly_digest,
626,user_0212,2026-05-10 01:41:29,session_start,google,cpc,brand_search,
627,user_0212,2026-05-11 07:34:44,purchase,(direct),(none),(none),68.69
628,user_0213,2026-03-12 11:44:02,session_start,newsletter,email,weekly_digest,
629,user_0214,2026-04-05 07:29:25,session_start,facebook,paid_social,prospecting_q1,
630,user_0214,2026-04-11 08:32:50,session_start,google,cpc,brand_search,
631,user_0215,2026-03-07 03:21:59,session_start,facebook,paid_social,prospecting_q1,
632,user_0215,2026-03-13 12:48:07,session_start,google,cpc,brand_search,
633,user_0215,2026-03-18 16:45:15,session_start,google,cpc,brand_search,
634,user_0215,2026-03-23 17:13:04,session_start,facebook,paid_social,prospecting_q1,
635,user_0215,2026-03-28 22:58:21,session_start,google,cpc,brand_search,
636,user_0216,2026-03-16 09:43:21,session_start,instagram,paid_social,retargeting,
637,user_0217,2026-04-04 00:10:41,session_start,facebook,paid_social,prospecting_q1,
638,user_0217,2026-04-08 05:27:14,session_start,google,cpc,brand_search,
639,user_0217,2026-04-12 11:54:29,session_start,blog.partner.com,referral,(none),
640,user_0217,2026-04-19 01:27:54,session_start,google,organic,(none),
641,user_0218,2026-03-04 09:31:17,session_start,google,organic,(none),
642,user_0218,2026-03-05 03:47:15,session_start,(direct),(none),(none),
643,user_0218,2026-03-13 13:58:17,session_start,google,cpc,brand_search,
644,user_0218,2026-03-14 10:11:18,purchase,(direct),(none),(none),203.4
645,user_0219,2026-05-13 08:59:59,session_start,instagram,paid_social,retargeting,
646,user_0219,2026-05-17 06:34:49,session_start,(direct),(none),(none),
647,user_0219,2026-05-20 20:09:36,session_start,blog.partner.com,referral,(none),
648,user_0219,2026-05-29 00:28:09,session_start,google,organic,(none),
649,user_0220,2026-04-19 00:21:40,session_start,google,organic,(none),
650,user_0220,2026-04-20 18:51:18,session_start,facebook,paid_social,prospecting_q1,
651,user_0221,2026-03-01 06:15:06,session_start,google,cpc,brand_search,
652,user_0222,2026-04-09 21:28:49,session_start,blog.partner.com,referral,(none),
653,user_0222,2026-04-12 06:33:18,session_start,google,organic,(none),
654,user_0223,2026-03-09 11:07:13,session_start,blog.partner.com,referral,(none),
655,user_0223,2026-03-13 08:27:50,session_start,newsletter,email,weekly_digest,
656,user_0223,2026-03-21 07:54:48,session_start,google,cpc,brand_search,
657,user_0223,2026-03-21 10:29:29,purchase,(direct),(none),(none),161.46
658,user_0224,2026-03-04 15:37:02,session_start,newsletter,email,weekly_digest,
659,user_0224,2026-03-08 09:22:32,session_start,google,organic,(none),
660,user_0224,2026-03-10 12:03:47,session_start,blog.partner.com,referral,(none),
661,user_0225,2026-05-01 04:24:54,session_start,newsletter,email,weekly_digest,
662,user_0226,2026-03-25 01:11:49,session_start,google,organic,(none),
663,user_0226,2026-03-26 12:15:13,session_start,instagram,paid_social,retargeting,
664,user_0226,2026-03-28 15:44:16,session_start,google,organic,(none),
665,user_0227,2026-05-08 08:50:23,session_start,instagram,paid_social,retargeting,
666,user_0227,2026-05-12 07:51:52,session_start,facebook,paid_social,prospecting_q1,
667,user_0227,2026-05-21 02:00:44,session_start,(direct),(none),(none),
668,user_0227,2026-05-27 04:35:59,session_start,newsletter,email,weekly_digest,
669,user_0227,2026-05-30 04:42:59,session_start,google,organic,(none),
670,user_0227,2026-05-31 17:10:26,purchase,(direct),(none),(none),131.01
671,user_0228,2026-03-23 13:19:31,session_start,newsletter,email,weekly_digest,
672,user_0228,2026-03-30 20:18:19,session_start,(direct),(none),(none),
673,user_0228,2026-04-04 23:52:53,session_start,(direct),(none),(none),
674,user_0228,2026-04-10 02:22:49,session_start,google,cpc,brand_search,
675,user_0228,2026-04-11 09:46:31,purchase,(direct),(none),(none),240.95
676,user_0229,2026-03-07 22:26:06,session_start,newsletter,email,weekly_digest,
677,user_0229,2026-03-09 19:27:53,session_start,google,organic,(none),
678,user_0229,2026-03-15 22:32:39,session_start,instagram,paid_social,retargeting,
679,user_0229,2026-03-23 19:51:11,session_start,google,cpc,brand_search,
680,user_0230,2026-04-05 22:54:34,session_start,blog.partner.com,referral,(none),
681,user_0230,2026-04-09 02:01:53,session_start,(direct),(none),(none),
682,user_0230,2026-04-09 10:04:12,session_start,(direct),(none),(none),
683,user_0230,2026-04-11 10:02:59,purchase,(direct),(none),(none),132.34
684,user_0231,2026-04-15 07:55:21,session_start,google,cpc,brand_search,
685,user_0232,2026-03-29 13:11:28,session_start,facebook,paid_social,prospecting_q1,
686,user_0232,2026-04-01 21:52:00,session_start,google,organic,(none),
687,user_0232,2026-04-06 14:58:25,session_start,facebook,paid_social,prospecting_q1,
688,user_0232,2026-04-07 16:35:58,session_start,(direct),(none),(none),
689,user_0233,2026-03-28 19:16:07,session_start,google,organic,(none),
690,user_0233,2026-04-02 22:52:26,session_start,google,organic,(none),
691,user_0233,2026-04-04 10:29:34,session_start,google,organic,(none),
692,user_0233,2026-04-12 20:42:50,session_start,facebook,paid_social,prospecting_q1,
693,user_0233,2026-04-16 17:42:23,session_start,google,cpc,brand_search,
694,user_0233,2026-04-18 09:52:27,purchase,(direct),(none),(none),137.33
695,user_0234,2026-04-21 08:43:26,session_start,google,organic,(none),
696,user_0234,2026-04-28 19:02:38,session_start,(direct),(none),(none),
697,user_0234,2026-05-04 15:22:11,session_start,facebook,paid_social,prospecting_q1,
698,user_0235,2026-04-24 00:33:51,session_start,facebook,paid_social,prospecting_q1,
699,user_0236,2026-03-05 09:43:03,session_start,google,cpc,brand_search,
700,user_0236,2026-03-13 01:20:24,session_start,(direct),(none),(none),
701,user_0236,2026-03-19 03:16:02,session_start,newsletter,email,weekly_digest,
702,user_0237,2026-04-23 00:54:18,session_start,google,cpc,brand_search,
703,user_0237,2026-04-24 06:56:36,purchase,(direct),(none),(none),178.35
704,user_0238,2026-04-06 05:46:02,session_start,facebook,paid_social,prospecting_q1,
705,user_0238,2026-04-06 11:57:50,session_start,facebook,paid_social,prospecting_q1,
706,user_0238,2026-04-06 19:16:00,session_start,facebook,paid_social,prospecting_q1,
707,user_0239,2026-04-30 23:40:58,session_start,instagram,paid_social,retargeting,
708,user_0240,2026-03-08 05:21:54,session_start,google,cpc,brand_search,
709,user_0241,2026-03-21 01:11:04,session_start,google,organic,(none),
710,user_0241,2026-03-24 12:46:22,session_start,google,organic,(none),
711,user_0241,2026-03-29 16:54:05,session_start,(direct),(none),(none),
712,user_0241,2026-03-31 21:24:09,session_start,newsletter,email,weekly_digest,
713,user_0242,2026-04-26 23:15:16,session_start,google,cpc,brand_search,
714,user_0242,2026-04-30 12:09:18,session_start,facebook,paid_social,prospecting_q1,
715,user_0242,2026-05-01 04:48:23,session_start,google,cpc,brand_search,
716,user_0242,2026-05-02 21:48:10,session_start,facebook,paid_social,prospecting_q1,
717,user_0243,2026-05-04 08:19:42,session_start,google,cpc,brand_search,
718,user_0243,2026-05-09 04:40:32,session_start,google,cpc,brand_search,
719,user_0243,2026-05-11 06:07:37,session_start,blog.partner.com,referral,(none),
720,user_0244,2026-03-06 13:49:35,session_start,(direct),(none),(none),
721,user_0245,2026-05-09 15:46:46,session_start,google,organic,(none),
722,user_0246,2026-04-23 10:52:49,session_start,google,organic,(none),
723,user_0246,2026-04-24 07:55:46,session_start,google,cpc,brand_search,
724,user_0246,2026-04-26 15:31:02,session_start,blog.partner.com,referral,(none),
725,user_0246,2026-04-30 06:30:26,session_start,(direct),(none),(none),
726,user_0247,2026-05-14 03:15:37,session_start,newsletter,email,weekly_digest,
727,user_0248,2026-04-02 18:45:31,session_start,blog.partner.com,referral,(none),
728,user_0249,2026-03-30 18:03:55,session_start,newsletter,email,weekly_digest,
729,user_0249,2026-03-31 05:07:20,session_start,google,organic,(none),
730,user_0249,2026-04-09 03:33:23,session_start,facebook,paid_social,prospecting_q1,
731,user_0249,2026-04-12 11:30:14,session_start,(direct),(none),(none),
732,user_0249,2026-04-16 11:30:36,session_start,instagram,paid_social,retargeting,
733,user_0249,2026-04-22 11:50:38,session_start,google,cpc,brand_search,
734,user_0250,2026-03-07 03:40:06,session_start,google,cpc,brand_search,
735,user_0250,2026-03-13 14:46:28,session_start,instagram,paid_social,retargeting,
736,user_0250,2026-03-20 07:47:23,session_start,google,organic,(none),
737,user_0250,2026-03-20 23:16:42,purchase,(direct),(none),(none),103.18
738,user_0251,2026-03-10 22:30:45,session_start,google,cpc,brand_search,
739,user_0252,2026-03-02 23:16:17,session_start,google,organic,(none),
740,user_0252,2026-03-03 23:43:35,session_start,instagram,paid_social,retargeting,
741,user_0253,2026-03-30 02:02:21,session_start,google,cpc,brand_search,
742,user_0254,2026-04-12 21:31:43,session_start,google,cpc,brand_search,
743,user_0254,2026-04-16 10:44:21,session_start,google,cpc,brand_search,
744,user_0254,2026-04-19 07:08:17,session_start,facebook,paid_social,prospecting_q1,
745,user_0254,2026-04-20 01:18:01,session_start,facebook,paid_social,prospecting_q1,
746,user_0254,2026-04-23 23:02:13,session_start,facebook,paid_social,prospecting_q1,
747,user_0254,2026-04-24 20:04:58,session_start,google,organic,(none),
748,user_0255,2026-03-15 15:59:12,session_start,google,cpc,brand_search,
749,user_0255,2026-03-18 13:07:50,session_start,(direct),(none),(none),
750,user_0255,2026-03-21 16:05:41,session_start,instagram,paid_social,retargeting,
751,user_0255,2026-03-22 08:49:38,purchase,(direct),(none),(none),214.79
752,user_0256,2026-05-13 01:36:20,session_start,google,cpc,brand_search,
753,user_0256,2026-05-16 02:07:48,session_start,(direct),(none),(none),
754,user_0256,2026-05-18 01:20:59,session_start,google,organic,(none),
755,user_0256,2026-05-26 17:52:05,session_start,(direct),(none),(none),
756,user_0257,2026-04-13 04:34:57,session_start,google,organic,(none),
757,user_0257,2026-04-16 16:48:20,session_start,blog.partner.com,referral,(none),
758,user_0257,2026-04-17 20:18:23,purchase,(direct),(none),(none),160.1
759,user_0258,2026-04-21 03:04:57,session_start,facebook,paid_social,prospecting_q1,
760,user_0258,2026-04-29 17:09:26,session_start,facebook,paid_social,prospecting_q1,
761,user_0259,2026-04-21 23:06:12,session_start,blog.partner.com,referral,(none),
762,user_0260,2026-04-17 12:00:17,session_start,google,organic,(none),
763,user_0260,2026-04-23 11:54:52,session_start,newsletter,email,weekly_digest,
764,user_0260,2026-04-25 11:28:38,purchase,(direct),(none),(none),132.41
765,user_0261,2026-04-07 23:54:09,session_start,(direct),(none),(none),
766,user_0261,2026-04-14 06:47:30,session_start,facebook,paid_social,prospecting_q1,
767,user_0262,2026-04-10 06:25:50,session_start,instagram,paid_social,retargeting,
768,user_0262,2026-04-11 05:10:44,session_start,newsletter,email,weekly_digest,
769,user_0262,2026-04-17 04:51:51,session_start,google,organic,(none),
770,user_0262,2026-04-23 02:18:38,session_start,google,cpc,brand_search,
771,user_0262,2026-05-01 22:50:55,session_start,instagram,paid_social,retargeting,
772,user_0263,2026-04-02 06:49:11,session_start,google,cpc,brand_search,
773,user_0263,2026-04-04 18:15:55,session_start,facebook,paid_social,prospecting_q1,
774,user_0263,2026-04-09 12:38:08,session_start,instagram,paid_social,retargeting,
775,user_0263,2026-04-14 18:55:31,session_start,facebook,paid_social,prospecting_q1,
776,user_0263,2026-04-18 10:19:58,session_start,newsletter,email,weekly_digest,
777,user_0263,2026-04-23 19:26:35,session_start,facebook,paid_social,prospecting_q1,
778,user_0263,2026-04-24 01:21:24,purchase,(direct),(none),(none),116.91
779,user_0264,2026-03-09 16:55:29,session_start,(direct),(none),(none),
780,user_0264,2026-03-11 03:38:47,session_start,google,organic,(none),
781,user_0264,2026-03-15 08:36:46,session_start,google,cpc,brand_search,
782,user_0264,2026-03-19 19:24:24,session_start,facebook,paid_social,prospecting_q1,
783,user_0264,2026-03-23 20:44:50,session_start,newsletter,email,weekly_digest,
784,user_0264,2026-03-26 20:54:04,session_start,google,organic,(none),
785,user_0264,2026-03-28 13:48:45,purchase,(direct),(none),(none),173.75
786,user_0265,2026-03-13 07:50:14,session_start,(direct),(none),(none),
787,user_0265,2026-03-15 16:09:06,session_start,google,cpc,brand_search,
788,user_0265,2026-03-17 06:46:20,session_start,facebook,paid_social,prospecting_q1,
789,user_0265,2026-03-18 02:48:34,purchase,(direct),(none),(none),60.19
790,user_0266,2026-04-02 09:50:31,session_start,google,cpc,brand_search,
791,user_0266,2026-04-08 00:20:29,session_start,google,cpc,brand_search,
792,user_0266,2026-04-13 10:12:52,session_start,google,organic,(none),
793,user_0266,2026-04-14 22:34:26,purchase,(direct),(none),(none),213.14
794,user_0267,2026-03-08 15:09:13,session_start,blog.partner.com,referral,(none),
795,user_0268,2026-03-20 16:14:10,session_start,blog.partner.com,referral,(none),
796,user_0268,2026-03-25 12:29:22,session_start,instagram,paid_social,retargeting,
797,user_0269,2026-03-27 02:15:51,session_start,blog.partner.com,referral,(none),
798,user_0269,2026-04-01 17:27:04,session_start,blog.partner.com,referral,(none),
799,user_0269,2026-04-08 03:21:21,session_start,google,organic,(none),
800,user_0269,2026-04-08 10:39:05,purchase,(direct),(none),(none),43.88
801,user_0270,2026-03-14 17:28:48,session_start,newsletter,email,weekly_digest,
802,user_0270,2026-03-19 10:09:58,session_start,google,organic,(none),
803,user_0270,2026-03-19 19:53:48,purchase,(direct),(none),(none),170.7
804,user_0271,2026-04-18 09:28:05,session_start,(direct),(none),(none),
805,user_0271,2026-04-23 11:27:56,session_start,facebook,paid_social,prospecting_q1,
806,user_0271,2026-04-24 21:53:46,session_start,google,organic,(none),
807,user_0271,2026-04-25 15:46:16,purchase,(direct),(none),(none),17.35
808,user_0272,2026-05-01 03:23:19,session_start,(direct),(none),(none),
809,user_0273,2026-04-01 04:08:05,session_start,blog.partner.com,referral,(none),
810,user_0273,2026-04-05 16:08:53,session_start,google,cpc,brand_search,
811,user_0273,2026-04-06 03:27:57,session_start,newsletter,email,weekly_digest,
812,user_0273,2026-04-07 05:44:00,purchase,(direct),(none),(none),56.21
813,user_0274,2026-04-25 16:31:58,session_start,newsletter,email,weekly_digest,
814,user_0274,2026-04-30 17:26:06,session_start,google,cpc,brand_search,
815,user_0275,2026-03-28 12:21:04,session_start,blog.partner.com,referral,(none),
816,user_0275,2026-03-29 01:56:21,session_start,newsletter,email,weekly_digest,
817,user_0275,2026-04-03 02:07:44,session_start,(direct),(none),(none),
818,user_0275,2026-04-04 04:33:34,session_start,blog.partner.com,referral,(none),
819,user_0275,2026-04-06 04:31:37,purchase,(direct),(none),(none),125.18
820,user_0276,2026-05-01 06:06:41,session_start,facebook,paid_social,prospecting_q1,
821,user_0276,2026-05-10 04:50:07,session_start,newsletter,email,weekly_digest,
822,user_0277,2026-03-27 07:08:07,session_start,newsletter,email,weekly_digest,
823,user_0277,2026-04-02 01:34:36,session_start,google,cpc,brand_search,
824,user_0277,2026-04-03 11:46:59,session_start,google,cpc,brand_search,
825,user_0277,2026-04-04 05:16:17,purchase,(direct),(none),(none),83.87
826,user_0278,2026-03-25 06:34:35,session_start,newsletter,email,weekly_digest,
827,user_0278,2026-03-28 00:29:01,session_start,google,organic,(none),
828,user_0279,2026-03-08 03:24:19,session_start,(direct),(none),(none),
829,user_0279,2026-03-15 06:08:35,session_start,(direct),(none),(none),
830,user_0279,2026-03-24 04:33:22,session_start,blog.partner.com,referral,(none),
831,user_0280,2026-04-23 08:30:38,session_start,blog.partner.com,referral,(none),
832,user_0281,2026-04-13 07:21:57,session_start,google,organic,(none),
833,user_0281,2026-04-17 03:39:01,session_start,facebook,paid_social,prospecting_q1,
834,user_0282,2026-04-08 16:06:15,session_start,google,organic,(none),
835,user_0283,2026-03-25 13:07:14,session_start,google,cpc,brand_search,
836,user_0283,2026-04-01 13:25:05,session_start,newsletter,email,weekly_digest,
837,user_0283,2026-04-08 04:35:27,session_start,facebook,paid_social,prospecting_q1,
838,user_0283,2026-04-14 05:39:29,session_start,google,organic,(none),
839,user_0283,2026-04-14 23:50:00,session_start,facebook,paid_social,prospecting_q1,
840,user_0283,2026-04-17 02:38:21,session_start,facebook,paid_social,prospecting_q1,
841,user_0283,2026-04-18 18:34:16,purchase,(direct),(none),(none),97.75
842,user_0284,2026-04-12 11:03:20,session_start,facebook,paid_social,prospecting_q1,
843,user_0284,2026-04-15 16:27:12,session_start,newsletter,email,weekly_digest,
844,user_0284,2026-04-16 07:28:39,session_start,google,cpc,brand_search,
845,user_0285,2026-05-04 07:46:22,session_start,facebook,paid_social,prospecting_q1,
846,user_0286,2026-04-21 15:27:55,session_start,google,cpc,brand_search,
847,user_0286,2026-04-23 12:18:12,purchase,(direct),(none),(none),82.13
848,user_0287,2026-03-19 18:42:02,session_start,google,organic,(none),
849,user_0287,2026-03-27 22:22:59,session_start,google,cpc,brand_search,
850,user_0287,2026-03-31 14:53:26,session_start,google,organic,(none),
851,user_0287,2026-04-01 22:41:54,purchase,(direct),(none),(none),187.41
852,user_0288,2026-04-05 18:15:07,session_start,google,cpc,brand_search,
853,user_0289,2026-04-22 04:04:29,session_start,blog.partner.com,referral,(none),
854,user_0290,2026-03-06 07:29:27,session_start,google,organic,(none),
855,user_0290,2026-03-06 23:13:06,purchase,(direct),(none),(none),230.84
856,user_0291,2026-04-28 00:13:43,session_start,newsletter,email,weekly_digest,
857,user_0292,2026-04-09 18:54:53,session_start,google,cpc,brand_search,
858,user_0293,2026-04-17 02:32:38,session_start,google,cpc,brand_search,
859,user_0293,2026-04-20 22:17:49,session_start,newsletter,email,weekly_digest,
860,user_0293,2026-04-28 16:43:16,session_start,google,cpc,brand_search,
861,user_0294,2026-03-29 19:15:26,session_start,(direct),(none),(none),
862,user_0294,2026-04-01 18:28:50,session_start,google,cpc,brand_search,
863,user_0294,2026-04-04 09:46:34,session_start,google,cpc,brand_search,
864,user_0295,2026-04-28 10:08:43,session_start,newsletter,email,weekly_digest,
865,user_0295,2026-05-06 02:01:12,session_start,instagram,paid_social,retargeting,
866,user_0295,2026-05-08 22:31:42,session_start,facebook,paid_social,prospecting_q1,
867,user_0296,2026-03-05 02:13:27,session_start,(direct),(none),(none),
868,user_0297,2026-04-07 11:14:54,session_start,instagram,paid_social,retargeting,
869,user_0298,2026-05-10 01:03:50,session_start,google,cpc,brand_search,
870,user_0298,2026-05-17 19:40:04,session_start,facebook,paid_social,prospecting_q1,
871,user_0298,2026-05-21 05:38:34,session_start,newsletter,email,weekly_digest,
872,user_0298,2026-05-28 03:31:50,session_start,(direct),(none),(none),
873,user_0298,2026-06-04 03:01:55,session_start,google,cpc,brand_search,
874,user_0298,2026-06-04 22:05:42,session_start,google,organic,(none),
875,user_0298,2026-06-06 12:11:30,purchase,(direct),(none),(none),139.12
876,user_0299,2026-04-07 13:53:17,session_start,google,organic,(none),
877,user_0299,2026-04-13 22:54:37,session_start,google,cpc,brand_search,
878,user_0299,2026-04-18 21:01:58,session_start,instagram,paid_social,retargeting,
879,user_0299,2026-04-19 22:03:51,purchase,(direct),(none),(none),64.78
880,user_0300,2026-04-10 05:30:08,session_start,google,organic,(none),
881,user_0300,2026-04-16 00:15:54,session_start,blog.partner.com,referral,(none),
882,user_0300,2026-04-22 04:54:15,session_start,google,cpc,brand_search,
883,user_0300,2026-04-28 13:15:52,session_start,newsletter,email,weekly_digest,
884,user_0300,2026-04-28 18:18:59,purchase,(direct),(none),(none),121.45
885,user_0301,2026-04-15 15:53:53,session_start,google,organic,(none),
886,user_0301,2026-04-22 09:20:38,session_start,newsletter,email,weekly_digest,
887,user_0302,2026-03-13 06:53:55,session_start,(direct),(none),(none),
888,user_0302,2026-03-18 02:09:26,session_start,newsletter,email,weekly_digest,
889,user_0302,2026-03-24 15:10:59,session_start,google,cpc,brand_search,
890,user_0303,2026-05-06 11:32:47,session_start,newsletter,email,weekly_digest,
891,user_0304,2026-03-05 18:58:10,session_start,newsletter,email,weekly_digest,
892,user_0304,2026-03-06 17:21:49,purchase,(direct),(none),(none),103.23
893,user_0305,2026-04-12 12:23:42,session_start,google,organic,(none),
894,user_0305,2026-04-14 23:04:31,session_start,google,cpc,brand_search,
895,user_0306,2026-04-08 03:53:05,session_start,google,cpc,brand_search,
896,user_0306,2026-04-09 03:03:27,purchase,(direct),(none),(none),108.83
897,user_0307,2026-05-09 20:05:17,session_start,blog.partner.com,referral,(none),
898,user_0308,2026-04-01 10:51:53,session_start,google,organic,(none),
899,user_0308,2026-04-05 07:34:41,session_start,newsletter,email,weekly_digest,
900,user_0308,2026-04-07 21:40:04,session_start,google,cpc,brand_search,
901,user_0309,2026-03-14 10:49:11,session_start,blog.partner.com,referral,(none),
902,user_0309,2026-03-23 06:53:39,session_start,(direct),(none),(none),
903,user_0309,2026-03-24 02:15:06,session_start,facebook,paid_social,prospecting_q1,
904,user_0309,2026-03-26 18:40:29,session_start,blog.partner.com,referral,(none),
905,user_0309,2026-03-29 20:36:03,session_start,facebook,paid_social,prospecting_q1,
906,user_0309,2026-03-31 00:05:59,purchase,(direct),(none),(none),89.46
907,user_0310,2026-04-04 19:04:04,session_start,instagram,paid_social,retargeting,
908,user_0310,2026-04-09 08:03:56,session_start,newsletter,email,weekly_digest,
909,user_0310,2026-04-11 06:08:20,session_start,(direct),(none),(none),
910,user_0310,2026-04-11 07:26:19,purchase,(direct),(none),(none),115.46
911,user_0311,2026-03-26 23:33:45,session_start,blog.partner.com,referral,(none),
912,user_0312,2026-04-19 07:08:48,session_start,blog.partner.com,referral,(none),
913,user_0312,2026-04-20 09:02:53,purchase,(direct),(none),(none),73.35
914,user_0313,2026-03-05 11:48:40,session_start,(direct),(none),(none),
915,user_0313,2026-03-11 22:54:43,session_start,google,cpc,brand_search,
916,user_0314,2026-04-22 13:31:27,session_start,google,organic,(none),
917,user_0314,2026-05-01 08:09:01,session_start,google,cpc,brand_search,
918,user_0314,2026-05-02 23:41:19,purchase,(direct),(none),(none),33.33
919,user_0315,2026-04-02 14:58:09,session_start,(direct),(none),(none),
920,user_0315,2026-04-04 21:46:31,session_start,google,organic,(none),
921,user_0315,2026-04-07 21:06:18,session_start,blog.partner.com,referral,(none),
922,user_0316,2026-03-21 09:31:14,session_start,google,cpc,brand_search,
923,user_0316,2026-03-23 09:08:00,session_start,newsletter,email,weekly_digest,
924,user_0316,2026-03-23 17:51:32,purchase,(direct),(none),(none),129.18
925,user_0317,2026-04-10 04:39:51,session_start,(direct),(none),(none),
926,user_0317,2026-04-12 05:19:01,session_start,google,organic,(none),
927,user_0317,2026-04-12 13:43:29,purchase,(direct),(none),(none),183.08
928,user_0318,2026-04-22 06:22:49,session_start,google,cpc,brand_search,
929,user_0318,2026-04-29 19:43:39,session_start,google,organic,(none),
930,user_0318,2026-04-30 19:47:30,session_start,google,organic,(none),
931,user_0318,2026-05-04 03:43:28,session_start,facebook,paid_social,prospecting_q1,
932,user_0318,2026-05-06 03:17:11,purchase,(direct),(none),(none),22.62
933,user_0319,2026-04-03 21:57:43,session_start,newsletter,email,weekly_digest,
934,user_0319,2026-04-06 07:31:51,session_start,facebook,paid_social,prospecting_q1,
935,user_0319,2026-04-06 09:05:34,purchase,(direct),(none),(none),218.44
936,user_0320,2026-03-10 19:17:14,session_start,blog.partner.com,referral,(none),
937,user_0320,2026-03-14 06:42:16,session_start,instagram,paid_social,retargeting,
938,user_0320,2026-03-20 03:39:42,session_start,instagram,paid_social,retargeting,
939,user_0320,2026-03-22 15:07:29,session_start,blog.partner.com,referral,(none),
940,user_0320,2026-03-23 00:31:44,session_start,google,cpc,brand_search,
941,user_0320,2026-03-31 03:56:10,session_start,facebook,paid_social,prospecting_q1,
942,user_0321,2026-03-25 20:47:23,session_start,google,cpc,brand_search,
943,user_0321,2026-03-30 02:57:06,session_start,google,cpc,brand_search,
944,user_0321,2026-04-04 08:57:22,session_start,blog.partner.com,referral,(none),
945,user_0321,2026-04-08 01:10:47,session_start,google,cpc,brand_search,
946,user_0321,2026-04-08 12:16:17,purchase,(direct),(none),(none),60.85
947,user_0322,2026-05-06 06:09:46,session_start,google,cpc,brand_search,
948,user_0322,2026-05-06 21:01:58,purchase,(direct),(none),(none),115.94
949,user_0323,2026-03-05 13:45:44,session_start,google,organic,(none),
950,user_0323,2026-03-06 23:32:47,session_start,google,cpc,brand_search,
951,user_0323,2026-03-14 23:11:06,session_start,facebook,paid_social,prospecting_q1,
952,user_0324,2026-05-14 04:55:35,session_start,newsletter,email,weekly_digest,
953,user_0324,2026-05-17 13:34:15,session_start,facebook,paid_social,prospecting_q1,
954,user_0324,2026-05-22 00:44:07,session_start,(direct),(none),(none),
955,user_0324,2026-05-26 15:38:26,session_start,google,organic,(none),
956,user_0324,2026-05-27 02:56:04,purchase,(direct),(none),(none),234.46
957,user_0325,2026-03-05 09:27:51,session_start,(direct),(none),(none),
958,user_0325,2026-03-10 06:04:49,session_start,newsletter,email,weekly_digest,
959,user_0325,2026-03-19 05:59:49,session_start,(direct),(none),(none),
960,user_0325,2026-03-20 07:56:43,session_start,instagram,paid_social,retargeting,
961,user_0326,2026-03-05 04:38:08,session_start,(direct),(none),(none),
962,user_0326,2026-03-07 07:46:31,session_start,blog.partner.com,referral,(none),
963,user_0326,2026-03-14 12:59:03,session_start,google,organic,(none),
964,user_0326,2026-03-22 03:01:40,session_start,blog.partner.com,referral,(none),
965,user_0326,2026-03-23 21:01:13,session_start,instagram,paid_social,retargeting,
966,user_0327,2026-03-03 02:46:18,session_start,newsletter,email,weekly_digest,
967,user_0327,2026-03-11 15:41:46,session_start,facebook,paid_social,prospecting_q1,
968,user_0327,2026-03-16 19:25:29,session_start,google,cpc,brand_search,
969,user_0327,2026-03-25 16:53:30,session_start,(direct),(none),(none),
970,user_0327,2026-03-30 05:39:00,session_start,google,organic,(none),
971,user_0327,2026-03-30 17:34:59,purchase,(direct),(none),(none),68.61
972,user_0328,2026-03-01 01:13:49,session_start,(direct),(none),(none),
973,user_0328,2026-03-03 00:34:46,session_start,google,cpc,brand_search,
974,user_0329,2026-03-25 06:27:35,session_start,google,cpc,brand_search,
975,user_0329,2026-03-30 15:09:06,session_start,(direct),(none),(none),
976,user_0329,2026-04-06 15:29:52,session_start,blog.partner.com,referral,(none),
977,user_0329,2026-04-14 10:04:16,session_start,(direct),(none),(none),
978,user_0330,2026-03-08 13:51:28,session_start,google,organic,(none),
979,user_0330,2026-03-09 23:28:35,session_start,google,cpc,brand_search,
980,user_0331,2026-04-18 16:31:28,session_start,google,cpc,brand_search,
981,user_0331,2026-04-27 09:55:22,session_start,newsletter,email,weekly_digest,
982,user_0331,2026-05-05 18:53:42,session_start,newsletter,email,weekly_digest,
983,user_0331,2026-05-07 22:50:34,session_start,instagram,paid_social,retargeting,
984,user_0331,2026-05-09 16:40:37,session_start,google,organic,(none),
985,user_0331,2026-05-15 22:53:16,session_start,google,cpc,brand_search,
986,user_0332,2026-03-30 08:52:57,session_start,(direct),(none),(none),
987,user_0332,2026-04-08 01:31:45,session_start,google,cpc,brand_search,
988,user_0332,2026-04-13 13:33:14,session_start,(direct),(none),(none),
989,user_0332,2026-04-22 06:41:47,session_start,google,organic,(none),
990,user_0332,2026-04-27 10:56:26,session_start,(direct),(none),(none),
991,user_0333,2026-05-13 16:17:00,session_start,google,cpc,brand_search,
992,user_0333,2026-05-15 02:36:17,purchase,(direct),(none),(none),171.58
993,user_0334,2026-04-03 11:56:01,session_start,google,organic,(none),
994,user_0334,2026-04-05 21:26:12,session_start,google,cpc,brand_search,
995,user_0334,2026-04-08 08:26:35,session_start,google,cpc,brand_search,
996,user_0334,2026-04-08 13:30:49,session_start,google,organic,(none),
997,user_0334,2026-04-15 05:02:07,session_start,(direct),(none),(none),
998,user_0335,2026-04-10 22:50:35,session_start,google,cpc,brand_search,
999,user_0335,2026-04-15 08:54:40,session_start,blog.partner.com,referral,(none),
1000,user_0336,2026-03-06 12:40:36,session_start,blog.partner.com,referral,(none),
1001,user_0337,2026-03-06 13:33:38,session_start,google,cpc,brand_search,
1002,user_0337,2026-03-10 01:39:26,session_start,newsletter,email,weekly_digest,
1003,user_0337,2026-03-15 01:59:36,session_start,(direct),(none),(none),
1004,user_0337,2026-03-16 02:27:26,session_start,instagram,paid_social,retargeting,
1005,user_0337,2026-03-21 16:51:32,session_start,facebook,paid_social,prospecting_q1,
1006,user_0337,2026-03-22 04:12:17,session_start,(direct),(none),(none),
1007,user_0338,2026-03-08 14:15:50,session_start,google,cpc,brand_search,
1008,user_0339,2026-04-24 17:57:11,session_start,google,organic,(none),
1009,user_0339,2026-04-27 10:12:39,session_start,google,organic,(none),
1010,user_0339,2026-04-28 01:29:37,session_start,facebook,paid_social,prospecting_q1,
1011,user_0339,2026-04-28 19:27:10,purchase,(direct),(none),(none),119.76
1012,user_0340,2026-04-19 15:38:11,session_start,instagram,paid_social,retargeting,
1013,user_0340,2026-04-20 00:39:55,purchase,(direct),(none),(none),86.49
1014,user_0341,2026-05-03 06:47:03,session_start,google,organic,(none),
1015,user_0342,2026-03-07 20:02:46,session_start,facebook,paid_social,prospecting_q1,
1016,user_0342,2026-03-09 15:53:35,session_start,(direct),(none),(none),
1017,user_0342,2026-03-13 02:42:39,session_start,facebook,paid_social,prospecting_q1,
1018,user_0343,2026-03-21 03:24:41,session_start,google,cpc,brand_search,
1019,user_0344,2026-03-26 18:49:28,session_start,facebook,paid_social,prospecting_q1,
1020,user_0345,2026-05-03 01:26:05,session_start,blog.partner.com,referral,(none),
1021,user_0345,2026-05-06 22:38:59,session_start,facebook,paid_social,prospecting_q1,
1022,user_0345,2026-05-14 18:32:16,session_start,facebook,paid_social,prospecting_q1,
1023,user_0346,2026-05-07 16:59:56,session_start,newsletter,email,weekly_digest,
1024,user_0347,2026-04-20 19:33:46,session_start,instagram,paid_social,retargeting,
1025,user_0347,2026-04-22 01:45:58,session_start,newsletter,email,weekly_digest,
1026,user_0347,2026-04-23 19:04:42,session_start,(direct),(none),(none),
1027,user_0347,2026-05-02 13:11:58,session_start,blog.partner.com,referral,(none),
1028,user_0348,2026-04-02 15:42:28,session_start,(direct),(none),(none),
1029,user_0348,2026-04-08 08:58:40,session_start,blog.partner.com,referral,(none),
1030,user_0348,2026-04-10 20:14:37,session_start,(direct),(none),(none),
1031,user_0348,2026-04-19 02:07:01,session_start,google,cpc,brand_search,
1032,user_0348,2026-04-22 16:53:01,session_start,google,organic,(none),
1033,user_0348,2026-04-25 18:33:42,session_start,google,organic,(none),
1034,user_0349,2026-04-16 17:30:15,session_start,facebook,paid_social,prospecting_q1,
1035,user_0349,2026-04-20 14:55:20,session_start,google,organic,(none),
1036,user_0349,2026-04-22 03:01:20,session_start,instagram,paid_social,retargeting,
1037,user_0349,2026-04-28 23:59:29,session_start,(direct),(none),(none),
1038,user_0350,2026-03-22 10:58:01,session_start,facebook,paid_social,prospecting_q1,
1039,user_0351,2026-04-06 10:03:09,session_start,instagram,paid_social,retargeting,
1040,user_0351,2026-04-06 22:45:55,session_start,google,organic,(none),
1041,user_0352,2026-03-03 21:48:30,session_start,(direct),(none),(none),
1042,user_0352,2026-03-07 00:37:12,session_start,google,organic,(none),
1043,user_0352,2026-03-13 18:55:20,session_start,(direct),(none),(none),
1044,user_0352,2026-03-15 10:20:22,purchase,(direct),(none),(none),89.25
1045,user_0353,2026-04-06 20:54:52,session_start,newsletter,email,weekly_digest,
1046,user_0354,2026-05-13 01:35:41,session_start,facebook,paid_social,prospecting_q1,
1047,user_0355,2026-04-18 09:59:55,session_start,google,cpc,brand_search,
1048,user_0355,2026-04-20 11:26:39,session_start,blog.partner.com,referral,(none),
1049,user_0356,2026-05-01 13:49:52,session_start,facebook,paid_social,prospecting_q1,
1050,user_0356,2026-05-03 04:12:22,session_start,google,organic,(none),
1051,user_0356,2026-05-07 20:02:29,session_start,google,cpc,brand_search,
1052,user_0356,2026-05-15 12:38:06,session_start,blog.partner.com,referral,(none),
1053,user_0356,2026-05-17 04:46:57,purchase,(direct),(none),(none),220.06
1054,user_0357,2026-04-04 05:36:27,session_start,(direct),(none),(none),
1055,user_0358,2026-04-07 21:13:38,session_start,instagram,paid_social,retargeting,
1056,user_0358,2026-04-09 04:11:21,session_start,google,cpc,brand_search,
1057,user_0358,2026-04-12 15:39:15,session_start,instagram,paid_social,retargeting,
1058,user_0358,2026-04-14 09:57:36,session_start,blog.partner.com,referral,(none),
1059,user_0358,2026-04-14 18:38:42,purchase,(direct),(none),(none),234.15
1060,user_0359,2026-04-21 15:55:51,session_start,google,organic,(none),
1061,user_0359,2026-04-25 06:22:25,session_start,google,cpc,brand_search,
1062,user_0359,2026-04-30 12:02:04,session_start,(direct),(none),(none),
1063,user_0360,2026-03-21 04:21:01,session_start,google,organic,(none),
1064,user_0360,2026-03-21 13:23:07,session_start,newsletter,email,weekly_digest,
1065,user_0360,2026-03-28 12:17:48,session_start,google,cpc,brand_search,
1066,user_0361,2026-03-01 15:14:04,session_start,google,organic,(none),
1067,user_0361,2026-03-08 22:04:07,session_start,google,organic,(none),
1068,user_0361,2026-03-17 15:06:15,session_start,instagram,paid_social,retargeting,
1069,user_0362,2026-03-19 21:35:51,session_start,facebook,paid_social,prospecting_q1,
1070,user_0362,2026-03-26 01:25:17,session_start,blog.partner.com,referral,(none),
1071,user_0362,2026-03-27 02:27:45,purchase,(direct),(none),(none),177.28
1072,user_0363,2026-03-29 01:36:48,session_start,instagram,paid_social,retargeting,
1073,user_0363,2026-04-03 15:02:41,session_start,google,organic,(none),
1074,user_0363,2026-04-04 18:40:35,session_start,google,cpc,brand_search,
1075,user_0363,2026-04-13 16:13:06,session_start,instagram,paid_social,retargeting,
1076,user_0363,2026-04-15 02:38:23,purchase,(direct),(none),(none),233.63
1077,user_0364,2026-03-12 05:52:21,session_start,newsletter,email,weekly_digest,
1078,user_0365,2026-04-15 00:03:35,session_start,instagram,paid_social,retargeting,
1079,user_0365,2026-04-21 04:38:08,session_start,newsletter,email,weekly_digest,
1080,user_0365,2026-04-27 03:51:22,session_start,(direct),(none),(none),
1081,user_0365,2026-04-29 15:26:49,session_start,google,organic,(none),
1082,user_0365,2026-05-01 01:43:34,purchase,(direct),(none),(none),155.15
1083,user_0366,2026-04-24 11:47:23,session_start,google,organic,(none),
1084,user_0367,2026-04-20 09:21:47,session_start,facebook,paid_social,prospecting_q1,
1085,user_0367,2026-04-28 00:42:56,session_start,blog.partner.com,referral,(none),
1086,user_0367,2026-05-05 22:37:53,session_start,google,cpc,brand_search,
1087,user_0367,2026-05-07 00:02:42,session_start,google,cpc,brand_search,
1088,user_0367,2026-05-09 11:28:21,session_start,blog.partner.com,referral,(none),
1089,user_0367,2026-05-10 20:25:08,purchase,(direct),(none),(none),97.23
1090,user_0368,2026-03-27 15:30:36,session_start,newsletter,email,weekly_digest,
1091,user_0369,2026-03-20 13:00:23,session_start,google,organic,(none),
1092,user_0369,2026-03-28 05:34:58,session_start,facebook,paid_social,prospecting_q1,
1093,user_0370,2026-03-06 08:11:17,session_start,(direct),(none),(none),
1094,user_0370,2026-03-10 22:41:20,session_start,blog.partner.com,referral,(none),
1095,user_0370,2026-03-14 12:05:51,session_start,google,organic,(none),
1096,user_0370,2026-03-15 04:18:56,session_start,blog.partner.com,referral,(none),
1097,user_0370,2026-03-16 14:07:37,session_start,google,cpc,brand_search,
1098,user_0371,2026-04-04 07:37:42,session_start,google,organic,(none),
1099,user_0371,2026-04-10 19:34:39,session_start,newsletter,email,weekly_digest,
1100,user_0371,2026-04-15 07:21:17,session_start,instagram,paid_social,retargeting,
1101,user_0371,2026-04-17 01:30:00,session_start,instagram,paid_social,retargeting,
1102,user_0371,2026-04-17 07:17:44,session_start,google,organic,(none),
1103,user_0371,2026-04-18 20:13:34,purchase,(direct),(none),(none),134.95
1104,user_0372,2026-03-07 14:28:27,session_start,instagram,paid_social,retargeting,
1105,user_0372,2026-03-13 09:04:01,session_start,google,organic,(none),
1106,user_0372,2026-03-22 01:44:39,session_start,google,organic,(none),
1107,user_0372,2026-03-22 14:30:42,session_start,google,cpc,brand_search,
1108,user_0372,2026-03-23 06:39:20,purchase,(direct),(none),(none),219.14
1109,user_0373,2026-04-20 18:08:47,session_start,instagram,paid_social,retargeting,
1110,user_0374,2026-03-10 16:04:31,session_start,google,organic,(none),
1111,user_0374,2026-03-16 01:12:09,session_start,google,cpc,brand_search,
1112,user_0374,2026-03-16 15:52:17,purchase,(direct),(none),(none),193.32
1113,user_0375,2026-03-26 08:06:11,session_start,(direct),(none),(none),
1114,user_0375,2026-04-04 07:08:49,session_start,google,organic,(none),
1115,user_0375,2026-04-12 10:19:09,session_start,google,organic,(none),
1116,user_0376,2026-03-31 06:06:17,session_start,google,organic,(none),
1117,user_0376,2026-04-06 20:28:58,session_start,google,cpc,brand_search,
1118,user_0376,2026-04-13 12:19:11,session_start,instagram,paid_social,retargeting,
1119,user_0376,2026-04-15 04:48:34,session_start,google,organic,(none),
1120,user_0376,2026-04-21 03:00:13,session_start,google,cpc,brand_search,
1121,user_0376,2026-04-22 05:08:10,purchase,(direct),(none),(none),26.9
1122,user_0377,2026-04-19 15:32:45,session_start,instagram,paid_social,retargeting,
1123,user_0377,2026-04-20 00:30:55,session_start,newsletter,email,weekly_digest,
1124,user_0377,2026-04-23 21:20:17,session_start,google,organic,(none),
1125,user_0377,2026-04-28 21:43:27,session_start,facebook,paid_social,prospecting_q1,
1126,user_0377,2026-04-30 10:51:53,session_start,newsletter,email,weekly_digest,
1127,user_0377,2026-05-06 04:47:11,session_start,google,organic,(none),
1128,user_0378,2026-04-15 10:08:30,session_start,google,cpc,brand_search,
1129,user_0378,2026-04-16 20:55:25,purchase,(direct),(none),(none),43.84
1130,user_0379,2026-03-08 23:16:28,session_start,google,cpc,brand_search,
1131,user_0379,2026-03-10 00:51:45,purchase,(direct),(none),(none),64.41
1132,user_0380,2026-03-23 03:37:55,session_start,google,cpc,brand_search,
1133,user_0380,2026-03-27 17:15:44,session_start,google,cpc,brand_search,
1134,user_0380,2026-04-05 03:08:17,session_start,google,organic,(none),
1135,user_0381,2026-05-02 15:25:04,session_start,instagram,paid_social,retargeting,
1136,user_0381,2026-05-04 03:43:01,session_start,google,cpc,brand_search,
1137,user_0381,2026-05-08 20:35:21,session_start,newsletter,email,weekly_digest,
1138,user_0381,2026-05-09 22:46:54,session_start,google,organic,(none),
1139,user_0381,2026-05-12 04:24:10,session_start,(direct),(none),(none),
1140,user_0382,2026-03-14 02:27:47,session_start,google,cpc,brand_search,
1141,user_0383,2026-04-25 09:22:20,session_start,google,cpc,brand_search,
1142,user_0383,2026-05-02 06:18:18,session_start,google,cpc,brand_search,
1143,user_0384,2026-03-27 19:32:57,session_start,facebook,paid_social,prospecting_q1,
1144,user_0385,2026-05-01 02:56:08,session_start,google,cpc,brand_search,
1145,user_0386,2026-03-29 22:17:16,session_start,blog.partner.com,referral,(none),
1146,user_0387,2026-03-09 11:30:06,session_start,newsletter,email,weekly_digest,
1147,user_0387,2026-03-10 04:41:16,session_start,(direct),(none),(none),
1148,user_0387,2026-03-11 19:09:08,session_start,google,organic,(none),
1149,user_0387,2026-03-17 04:43:07,session_start,blog.partner.com,referral,(none),
1150,user_0387,2026-03-17 23:34:01,purchase,(direct),(none),(none),102.86
1151,user_0388,2026-04-21 08:02:07,session_start,blog.partner.com,referral,(none),
1152,user_0388,2026-04-23 04:17:38,purchase,(direct),(none),(none),42.67
1153,user_0389,2026-03-04 10:45:00,session_start,google,organic,(none),
1154,user_0389,2026-03-07 09:55:02,session_start,newsletter,email,weekly_digest,
1155,user_0390,2026-04-12 09:01:19,session_start,(direct),(none),(none),
1156,user_0390,2026-04-18 11:17:35,session_start,google,organic,(none),
1157,user_0390,2026-04-23 06:34:21,session_start,newsletter,email,weekly_digest,
1158,user_0391,2026-03-26 22:20:56,session_start,instagram,paid_social,retargeting,
1159,user_0392,2026-05-14 02:01:29,session_start,google,cpc,brand_search,
1160,user_0392,2026-05-19 22:42:38,session_start,google,cpc,brand_search,
1161,user_0392,2026-05-27 14:47:12,session_start,blog.partner.com,referral,(none),
1162,user_0392,2026-05-28 14:53:39,purchase,(direct),(none),(none),74.02
1163,user_0393,2026-03-04 18:37:52,session_start,google,organic,(none),
1164,user_0393,2026-03-10 15:17:59,session_start,google,organic,(none),
1165,user_0393,2026-03-12 21:43:54,session_start,facebook,paid_social,prospecting_q1,
1166,user_0393,2026-03-20 03:45:29,session_start,facebook,paid_social,prospecting_q1,
1167,user_0393,2026-03-27 21:28:11,session_start,facebook,paid_social,prospecting_q1,
1168,user_0393,2026-03-29 03:20:26,session_start,facebook,paid_social,prospecting_q1,
1169,user_0393,2026-03-29 23:43:14,purchase,(direct),(none),(none),151.5
1170,user_0394,2026-03-07 19:36:43,session_start,instagram,paid_social,retargeting,
1171,user_0395,2026-03-16 12:19:56,session_start,instagram,paid_social,retargeting,
1172,user_0395,2026-03-25 01:50:50,session_start,google,organic,(none),
1173,user_0395,2026-03-26 00:12:24,purchase,(direct),(none),(none),152.24
1174,user_0396,2026-04-05 11:38:26,session_start,instagram,paid_social,retargeting,
1175,user_0396,2026-04-11 23:38:29,session_start,google,cpc,brand_search,
1176,user_0396,2026-04-18 20:48:35,session_start,google,organic,(none),
1177,user_0397,2026-03-22 21:34:13,session_start,facebook,paid_social,prospecting_q1,
1178,user_0397,2026-03-29 06:39:11,session_start,google,cpc,brand_search,
1179,user_0397,2026-03-30 22:07:21,session_start,google,cpc,brand_search,
1180,user_0397,2026-04-06 10:19:21,session_start,newsletter,email,weekly_digest,
1181,user_0397,2026-04-07 13:42:46,session_start,instagram,paid_social,retargeting,
1182,user_0397,2026-04-09 10:07:19,session_start,(direct),(none),(none),
1183,user_0398,2026-04-23 18:13:05,session_start,google,cpc,brand_search,
1184,user_0398,2026-04-27 14:33:15,session_start,(direct),(none),(none),
1185,user_0398,2026-05-05 04:13:38,session_start,instagram,paid_social,retargeting,
1186,user_0398,2026-05-12 04:06:15,session_start,facebook,paid_social,prospecting_q1,
1187,user_0399,2026-04-07 09:53:29,session_start,facebook,paid_social,prospecting_q1,
1188,user_0400,2026-04-06 05:16:39,session_start,facebook,paid_social,prospecting_q1,
1189,user_0400,2026-04-14 12:37:37,session_start,google,cpc,brand_search,
1190,user_0400,2026-04-19 19:37:03,session_start,newsletter,email,weekly_digest,
1191,user_0400,2026-04-21 03:31:54,session_start,google,organic,(none),
